zipcode,r_a,e_a,p_t_a,p_u_a,high_demand,n_t_a,n_u_a,is_desert,is_under5_desert
10001,0.5950970226633091,102878.03360298694,4.0,0,False,609.0,0.0,False,False
10002,0.5206618050654748,59604.04116465864,2093.2,744,True,4729.0,18.0,False,True
10003,0.4972437218107912,114273.04964539009,7106.8,2142,False,1995.0,0.0,True,True
10004,0.5066608429788163,132004.3103448276,3045.8,1440,False,263.0,0.0,True,True
10005,0.6658334280195433,121437.7133105802,711.6,433,True,39.0,0.0,True,True
10006,0.6316916488222698,126377.1186440678,825.4,484,True,156.0,14.0,True,True
10007,0.528910205169198,138853.90428211587,269.0,128,False,284.0,0.0,False,True
10009,0.5145674278475812,77133.23353293413,1230.0,605,False,1784.0,18.0,False,True
10010,0.4927491514964517,116272.69881026926,4655.0,1896,False,234.0,0.0,True,True
10011,0.5569999212164185,120420.79207920792,3582.8,1422,False,1956.0,42.0,False,True
10012,0.5382730015082956,111131.78633975482,3227.4,1209,False,24.0,0.0,True,True
10013,0.4861983499134213,106023.04469273744,1018.2,613,False,435.0,0.0,False,True
10014,0.6086012015885408,124233.12883435584,3182.6,1249,True,1711.0,71.0,False,True
10016,0.5652117934852582,109298.7308818744,1571.0,708,False,823.0,0.0,False,True
10017,0.7773022228358415,118061.72291296624,3905.0,1798,True,107.0,0.0,True,True
10018,0.757593255572237,108746.18902439025,509.2,193,True,0.0,0.0,True,True
10019,0.6170789879811065,107014.96779082986,534.4,242,True,591.0,0.0,False,True
10021,0.5418040450765218,124193.91462306994,2092.2,1099,False,460.0,0.0,True,True
10022,0.5698803072708867,124320.79414838034,0.0,0,False,16.0,0.0,False,False
10023,0.5057376799683438,121776.25639482395,4337.4,1787,False,1099.0,0.0,True,True
10024,0.4603816866855704,118313.14878892733,2802.6,1228,False,1243.0,15.0,False,True
10025,0.4391264898750361,93258.39398919934,7300.6,3548,False,2553.0,91.0,False,True
10026,0.4513262772768849,65380.71800810655,8854.0,4221,False,1706.0,18.0,True,True
10027,0.3941889797282922,61675.983037779486,10173.8,4499,False,3758.0,0.0,False,True
10028,0.5260625150381696,117822.24532224532,5481.2,2222,False,348.0,36.0,True,True
10029,0.4520326923585579,48339.6723229959,8854.8,3636,True,3358.0,0.0,True,True
10030,0.4055264167839325,48373.42271293375,4898.4,1719,True,1272.0,0.0,True,True
10031,0.4465631347880217,48674.798239178286,9673.8,3965,True,1577.0,0.0,True,True
10032,0.4551917989417989,46467.4900108972,4235.2,1872,True,3222.0,0.0,False,True
10033,0.4276881674643593,52235.16527279968,6585.4,2359,True,2893.0,0.0,True,True
10034,0.4544142410392109,50708.04658549497,5908.2,2238,True,3126.0,0.0,False,True
10035,0.3839875631558492,50944.669365722,7244.6,3206,True,2075.0,0.0,True,True
10036,0.5719366311024895,94940.64443188242,5804.8,2615,False,686.0,0.0,True,True
10037,0.5026648552617828,57120.58212058212,5722.6,2382,True,586.0,21.0,True,True
10038,0.5059332562224221,95681.62574089757,1589.6,634,False,802.0,20.0,False,True
10039,0.4219225750326228,47026.16970658208,2566.0,1070,True,1423.0,0.0,False,True
10040,0.4673218335509587,50772.05882352941,2127.6,772,True,2594.0,0.0,False,True
10044,0.3992908998818166,86945.03171247357,4632.0,1898,False,489.0,0.0,True,True
10065,0.491266729317217,120720.64643799471,5650.0,1970,False,845.0,40.0,True,True
10069,0.519252276721521,133653.84615384616,1756.8,939,False,16.0,0.0,True,True
10075,0.5635451505016722,120113.13056379822,4100.2,2230,False,235.0,0.0,True,True
10128,0.5517241379310345,111992.48721227625,1285.8,690,False,301.0,0.0,True,True
10162,0.4990151017728168,137335.52631578947,2520.6,1243,False,0.0,0.0,True,True
10280,0.4692977496324776,134397.5903614458,0.0,0,False,509.0,0.0,False,False
10282,0.3286821705426356,152181.6037735849,0.0,0,False,279.0,0.0,False,False
10301,0.4564726885026406,66913.36230309615,0.0,0,False,1905.0,10.0,False,False
10302,0.4766521247374374,57217.51412429378,0.0,0,True,744.0,0.0,False,False
10303,0.4733596721190414,52778.861154446175,0.0,0,True,1629.0,0.0,False,False
10304,0.4645149786019971,61216.41074856045,0.0,0,False,2020.0,41.0,False,False
10305,0.496553031200398,64277.19465648855,5659.2,2791,False,786.0,0.0,True,True
10306,0.5132309005548442,73657.31115731115,0.0,0,False,578.0,0.0,False,False
10307,0.4662826160623517,86900.43604651163,0.0,0,False,259.0,0.0,False,False
10308,0.4721529509559434,81452.4647887324,0.0,0,False,431.0,0.0,False,False
10309,0.4602763385146804,85576.92307692306,155.0,134,False,297.0,0.0,False,True
10310,0.4500933724608407,67453.42929720576,0.0,0,False,1168.0,0.0,False,False
10312,0.4781560663589242,83484.34925864909,0.0,0,False,1140.0,8.0,False,False
10314,0.448836839595146,74144.03778040141,0.0,0,False,1654.0,0.0,False,False
10451,0.4843016117401726,40553.319919517104,0.0,0,True,3287.0,0.0,False,False
10452,0.4703398453398453,35306.24661979448,0.0,0,True,6984.0,0.0,False,False
10453,0.4718542016545375,34474.69021882415,0.0,0,True,6841.0,0.0,False,False
10454,0.389063374966523,35661.76470588235,0.0,0,True,3163.0,0.0,False,False
10455,0.4238395673726904,35785.48644338118,0.0,0,True,3035.0,0.0,False,False
10456,0.4558848433530906,34503.467062902426,0.0,0,True,6942.0,0.0,False,False
10457,0.4239698309883859,34633.56973995271,0.0,0,True,6559.0,0.0,False,False
10458,0.4262318875638017,35868.3314415437,0.0,0,True,4657.0,0.0,False,False
10459,0.4231775844815642,36056.161891768985,0.0,0,True,4018.0,0.0,False,False
10460,0.4476040900888859,36095.55804404629,0.0,0,True,4820.0,0.0,False,False
10461,0.4883227176220807,57890.49919484702,0.0,0,True,1462.0,0.0,False,False
10462,0.508481160170918,49331.55080213904,630.2,318,True,3425.0,0.0,False,True
10463,0.4826732673267326,65918.80341880342,1338.0,418,False,4249.0,0.0,False,True
10464,0.5009319664492078,84418.6046511628,6133.6,2780,False,114.0,0.0,True,True
10465,0.4288398004793677,67554.12890231621,3324.0,1338,False,1888.0,0.0,False,True
10466,0.4438725388457654,47724.43890274314,4304.6,1262,True,3192.0,0.0,False,True
10467,0.459412640685624,42034.178610804855,6930.4,2234,True,6220.0,0.0,False,True
10468,0.445348108652653,37413.79310344827,5261.8,1653,True,4308.0,0.0,False,True
10469,0.4493334446578164,53108.54753793744,7927.799999999999,2606,True,2315.0,0.0,True,True
10470,0.4899285250162443,58968.83289124668,2206.2,1098,True,632.0,0.0,True,True
10471,0.4347256204124432,91633.16582914571,3888.6,1106,False,284.0,0.0,True,True
10472,0.4482024416770063,37918.66028708134,5375.6,1936,True,3577.0,0.0,False,True
10473,0.4711501655932231,46564.81808548216,4759.4,2167,True,3548.0,0.0,False,True
10474,0.4441489361702128,35229.54091816367,0.0,0,True,1194.0,0.0,False,False
10475,0.5172691132201209,56136.16170590848,10087.0,3668,True,1808.0,0.0,True,True
10501,0.4943502824858757,105178.57142857142,14464.4,5269,False,0.0,0.0,True,True
10502,0.4995648389904265,120470.38327526132,9238.6,3494,False,273.0,0.0,True,True
10504,0.4921088604448863,128945.70707070708,15441.4,5461,False,706.0,547.0,True,True
10505,0.7243816254416962,92225.60975609758,15655.8,5476,True,0.0,0.0,True,True
10506,0.444794952681388,126241.13475177305,7936.6,2870,False,80.0,0.0,True,True
10507,0.4216773387474621,85787.03703703704,8493.0,2507,False,220.0,151.0,True,True
10509,0.5163372327551432,84375.0,17022.0,6718,False,1015.0,793.0,True,True
10510,0.4781983708672736,124123.246492986,17266.4,6785,False,704.0,378.0,True,True
10511,0.5173169662428759,82944.91525423728,15615.8,5585,False,72.0,0.0,True,True
10512,0.5429584432717678,85317.00835231587,9861.6,3973,False,230.0,126.0,True,True
10514,0.4258957021838812,136587.5912408759,10813.6,3983,False,585.0,424.0,True,True
10516,0.4923903312444047,99500.0,7920.0,2750,False,163.0,147.0,True,True
10518,0.8554216867469879,113556.338028169,13363.4,5581,True,0.0,0.0,True,True
10520,0.5109777286368662,103052.55023183924,10689.4,4453,False,847.0,544.0,True,True
10522,0.4614181438998957,107674.19962335218,518.6,75,False,439.0,302.0,False,False
10523,0.5367983810842475,75297.61904761905,7206.4,3268,False,733.0,407.0,True,True
10524,0.4926335174953959,102978.9719626168,11961.2,4393,False,16.0,0.0,True,True
10526,0.4951005673027334,105338.54166666666,17084.4,6341,False,0.0,0.0,True,True
10527,0.6907894736842105,115178.57142857142,15651.8,6671,True,64.0,64.0,True,True
10528,0.4463750748951468,100964.76510067114,10980.6,4483,False,690.0,483.0,True,True
10530,0.5131298793470547,105584.37067773168,2154.2,1311,False,405.0,162.0,True,True
10532,0.5119047619047619,101162.79069767444,2508.2,1015,False,381.0,171.0,True,True
10533,0.510286951813752,121352.7851458886,12390.4,5321,False,157.0,88.0,True,True
10535,0.99,74038.46153846153,9701.4,3742,True,100.0,0.0,True,True
10536,0.4853199962952672,118916.9847328244,2601.4,1001,False,315.0,236.0,True,True
10537,0.4120229652144546,77254.09836065574,6456.2,3115,False,0.0,0.0,True,True
10538,0.4663447884123828,127009.74421437272,127.39999999999999,16,False,455.0,372.0,False,False
10541,0.507351814979323,91301.88679245285,1006.5999999999999,322,False,958.0,588.0,False,False
10543,0.4652037028335135,95909.09090909093,0.0,0,False,867.0,400.0,False,False
10546,0.6947162426614482,120246.47887323944,1472.4,521,True,0.0,0.0,True,True
10547,0.4983692106979778,87107.32984293194,163.6,44,False,817.0,497.0,False,False
10548,0.382366171839856,86397.05882352941,1147.4,316,False,121.0,61.0,True,True
10549,0.529746835443038,92114.69534050178,1062.0,425,False,734.0,584.0,False,False
10550,0.4828687645047788,48113.69509043928,2941.2,1103,True,1162.0,304.0,True,True
10552,0.5004751346214761,77373.41772151898,1430.2,375,False,596.0,172.0,False,True
10553,0.5481664449933498,58578.856152513,302.2,119,True,156.0,0.0,False,True
10560,0.4562814070351759,104955.94713656387,2902.2,1127,False,129.0,0.0,True,True
10562,0.4830341701950026,78564.81481481482,2422.2,732,False,1737.0,573.0,False,False
10566,0.5062792803432936,63870.52877138414,716.8,283,False,862.0,380.0,False,False
10567,0.5107379540584982,97280.48780487804,15.2,11,False,215.0,85.0,False,False
10570,0.4624848116646415,112294.74548440066,51.2,11,False,316.0,139.0,False,False
10573,0.4740027710931233,73685.89743589744,23.4,0,False,1557.0,501.0,False,False
10576,0.5175563223056627,125196.07843137256,1867.4,618,False,40.0,0.0,True,True
10577,0.2473555736371033,125904.6052631579,1720.8,592,False,365.0,336.0,True,True
10578,0.2348993288590604,91964.28571428572,1580.4,684,False,0.0,0.0,True,True
10579,0.5580712275119325,95230.26315789472,506.6,131,False,230.0,78.0,False,True
10580,0.4624661171654589,125284.09090909093,248.39999999999998,81,False,410.0,258.0,False,False
10583,0.4617218478604617,127798.99894625922,71.4,15,False,1776.0,1349.0,False,False
10588,0.4065533980582524,91138.05970149252,2378.8,786,False,41.0,0.0,True,True
10589,0.666294175164129,108700.20964360586,1746.2,867,True,210.0,59.0,True,True
10590,0.4401242068313757,113611.96319018403,708.8,289,False,245.0,163.0,False,True
10591,0.5110404817664771,87684.12438625205,1726.4,538,False,1536.0,585.0,False,False
10594,0.4851752021563342,100277.77777777778,10.6,7,False,32.0,0.0,False,True
10595,0.456120892832386,105585.10638297872,1906.6,515,False,740.0,605.0,False,False
10597,0.7476635514018691,135677.0833333333,441.0,100,True,0.0,0.0,True,True
10598,0.5091859905043694,102525.33783783784,3813.6,1213,False,1592.0,1049.0,False,False
10601,0.5351559010095596,83222.0367278798,15.6,0,False,284.0,229.0,False,False
10603,0.5213368678205728,80059.82053838484,3816.4,1299,False,322.0,58.0,True,True
10604,0.5136028476989576,87458.74587458746,0.0,0,False,727.0,426.0,False,False
10605,0.5212121212121212,104251.45348837208,3708.8,1142,False,2123.0,1454.0,False,False
10606,0.5374642400633027,71206.11551528878,8.0,0,False,923.0,548.0,False,False
10607,0.6135422826729746,90000.0,124.19999999999999,47,True,345.0,206.0,False,False
10701,0.4483184383819379,55344.26229508197,1005.5999999999999,370,True,2656.0,829.0,False,False
10703,0.4625503925312964,62190.366972477066,599.8,303,False,958.0,165.0,False,True
10704,0.5431900857019545,71318.10442678774,2646.6,1395,False,620.0,38.0,True,True
10705,0.4848048171688839,53397.02760084926,6193.4,2127,True,1750.0,281.0,True,True
10706,0.4918394353771504,116423.7668161435,2518.8,1033,False,630.0,322.0,True,True
10707,0.520129297678519,101553.67231638418,1213.2,438,False,357.0,284.0,True,True
10708,0.5023235229032972,109944.93392070485,864.4,383,False,133.0,93.0,True,True
10709,0.5057015369360436,102549.01960784312,4094.6,1757,False,437.0,37.0,True,True
10710,0.5513621211540672,82270.67407922167,2885.8,1040,False,757.0,0.0,True,True
10801,0.4800594382130189,67866.94957563655,2999.6,1135,False,2024.0,522.0,False,True
10803,0.4524580290597004,118323.62728785358,1911.4,659,False,660.0,559.0,False,False
10804,0.4768555466879489,125645.04881450487,5926.0,2248,False,1215.0,650.0,True,True
10805,0.4456018518518518,72483.76623376623,459.4,98,False,238.0,103.0,False,False
10901,0.4431720134912542,87057.52212389381,376.8,212,False,973.0,309.0,False,False
10913,0.4918653045781309,101730.76923076923,384.79999999999995,28,False,363.0,175.0,False,False
10916,0.5241844769403825,92274.678111588,918.0,199,False,8.0,0.0,True,True
10917,0.553580497714576,80963.30275229357,3427.3999999999996,801,False,175.0,43.0,True,True
10918,0.4863396971691902,84708.12182741116,7642.4,2181,False,166.0,90.0,True,True
10919,0.4777070063694267,75625.0,567.0,322,False,100.0,0.0,True,True
10920,0.5334108076699593,92320.26143790848,703.0,182,False,462.0,277.0,False,False
10921,0.5435801312089972,79525.86206896552,1040.6,324,False,182.0,125.0,True,True
10923,0.5903313932771113,69642.85714285714,3198.2,1364,False,171.0,99.0,True,True
10924,0.4776226279985678,87706.14692653673,951.6,359,False,435.0,339.0,False,False
10925,0.5508284818629646,79522.35772357724,788.6,356,False,69.0,0.0,True,True
10926,0.4937324123816833,72992.22797927461,56.4,14,False,0.0,0.0,True,True
10927,0.5070812306690542,48936.59711075442,117.4,8,True,619.0,280.0,False,False
10928,0.4377880184331797,64747.807017543855,4246.4,1277,False,101.0,0.0,True,True
10930,0.4183614177803602,85937.5,1014.6,330,False,92.0,58.0,True,True
10940,0.5089387306423929,61566.8813944676,3054.4,1155,False,1566.0,795.0,False,False
10941,0.5309612467245897,67564.93506493507,2300.2,707,False,723.0,464.0,True,True
10950,0.3055022138991605,71012.98701298701,2616.6,979,False,713.0,479.0,True,True
10952,0.2765791744722052,66818.87366818874,2268.4,941,False,581.0,123.0,True,True
10954,0.4552869105013231,84852.70700636943,818.5999999999999,334,False,952.0,131.0,False,True
10956,0.5293122519357147,100368.77688998156,11620.8,4688,False,1649.0,818.0,True,True
10958,0.5641025641025641,78560.60606060605,3004.8,1232,False,0.0,0.0,True,True
10960,0.5336802137533398,86907.11462450594,4423.6,1875,False,460.0,288.0,True,True
10962,0.5229268292682927,96595.14925373136,5959.0,1959,False,16.0,0.0,True,True
10963,0.2967563837129054,75290.69767441861,1279.2,407,False,124.0,44.0,True,True
10964,0.4721311475409836,108854.16666666666,1480.0,715,False,135.0,111.0,True,True
10965,0.513213328226733,96688.4328358209,2903.2,1133,False,615.0,374.0,True,True
10968,0.5052546483427648,108200.0,1624.6,485,False,173.0,173.0,True,True
10969,0.6606606606606606,78409.09090909091,3319.6,1211,True,0.0,0.0,True,True
10970,0.4675481807968196,78904.80591497227,5582.6,1839,False,169.0,105.0,True,True
10973,0.4857621440536013,85129.3103448276,2705.8,656,False,183.0,143.0,True,True
10974,0.5247376311844077,84500.0,2805.2,664,False,48.0,0.0,True,True
10975,0.6504065040650406,63281.25,2381.2,1144,True,0.0,0.0,True,True
10976,0.4134241245136186,77205.88235294117,3968.2,1279,False,0.0,0.0,True,True
10977,0.350223230104174,54143.05949008499,0.0,0,True,2287.0,1161.0,False,False
10980,0.5232812728068895,83856.34588563458,0.0,0,False,349.0,107.0,False,False
10983,0.5432098765432098,100324.67532467532,641.6,141,False,246.0,0.0,False,True
10984,0.4417018512504059,86029.41176470589,92.8,0,False,143.0,0.0,False,False
10985,0.99,76666.66666666667,0.0,0,True,0.0,0.0,True,False
10986,0.6278613472858077,87239.58333333333,656.2,154,True,0.0,0.0,True,True
10987,0.5381990023628249,90975.60975609756,448.8,295,False,40.0,0.0,True,True
10989,0.561784764767079,95961.9341563786,1808.0,767,False,261.0,114.0,True,True
10990,0.4871632484045403,91337.5,101.4,23,False,406.0,280.0,False,False
10992,0.4803578374173473,82287.44939271254,1107.2,389,False,360.0,227.0,True,True
10993,0.5614183199662305,55498.12030075188,625.0,222,True,401.0,303.0,False,False
10994,0.6119238634576057,102152.95629820052,190.0,176,True,825.0,149.0,False,False
10996,0.1988725336673974,79921.25984251969,1806.2,844,False,0.0,0.0,True,True
10998,0.4763246899661781,89644.97041420118,1925.4,730,False,43.0,43.0,True,True
11001,0.5547478766546791,87465.51724137932,534.6,160,False,537.0,188.0,False,False
11003,0.52299273913501,62972.83702213279,604.8,250,False,2415.0,209.0,False,False
11004,0.4330658514838874,76746.32352941176,2267.2,1057,False,427.0,0.0,True,True
11005,0.671264367816092,121318.49315068494,787.8,222,True,0.0,0.0,True,True
11010,0.5052230981321114,83041.89085318986,1310.4,323,False,282.0,0.0,True,True
11020,0.5093572009764036,100918.5303514377,270.6,133,False,142.0,62.0,False,True
11021,0.4846353768536921,105467.92849631966,0.0,0,False,202.0,202.0,False,False
11023,0.4423136405815032,103758.74125874128,127.19999999999999,42,False,355.0,217.0,False,False
11024,0.3701263042284459,98961.4243323442,8667.0,3426,False,552.0,302.0,True,True
11030,0.5248136067101584,124556.0488346282,1766.4,643,False,689.0,279.0,False,True
11040,0.5327479829140959,93346.32516703788,20702.0,8658,False,1220.0,726.0,True,True
11042,0.99,121250.0,16206.0,7131,True,282.0,282.0,True,True
11050,0.4783834586466165,104821.54551407987,0.0,0,False,1928.0,956.0,False,False
11096,0.4337827950245636,48554.21686746989,3621.4,1444,True,349.0,167.0,True,True
11101,0.7491467078969631,91603.38785046728,4514.4,1619,True,1616.0,6.0,True,True
11102,0.7052347704015663,67476.42744892614,355.4,92,True,1390.0,0.0,False,True
11103,0.570614640883978,63495.96570852244,1768.0,618,False,524.0,0.0,True,True
11104,0.5423363896209956,66906.22861054073,618.2,180,False,1229.0,0.0,False,True
11105,0.494375064506141,68860.90814196243,572.6,185,False,830.0,22.0,False,True
11106,0.5358475546047067,66533.1940575673,128.2,21,False,1535.0,0.0,False,True
11109,0.4807692307692308,133892.85714285713,2806.6,984,False,89.0,0.0,True,True
11201,0.5013260698157839,117507.86388332857,251.4,167,False,1957.0,0.0,False,True
11203,0.4558887218811301,50698.51913942442,255.2,102,True,3405.0,0.0,False,True
11204,0.4242010549177785,51748.09830310123,2331.8,1218,True,3192.0,0.0,False,True
11205,0.3720264711142908,72222.22222222222,383.6,33,False,918.0,0.0,False,True
11206,0.4193487420649479,51560.84305408271,455.4,208,True,3233.0,0.0,False,True
11207,0.4408012313922377,42837.47363487227,76.0,0,True,6216.0,0.0,False,False
11208,0.4160658162322055,40213.28593645857,179.8,25,True,5054.0,0.0,False,True
11209,0.4763827772517128,74627.30195849166,21802.8,8574,False,1423.0,0.0,True,True
11210,0.4523381578532463,61197.28128267689,0.0,0,False,2014.0,0.0,False,False
11211,0.4857199554273328,82047.45443117537,1914.4,771,False,2453.0,0.0,False,True
11212,0.4430635906959027,39632.59000537345,612.6,166,True,5430.0,0.0,False,True
11213,0.4152984912701971,49651.68930686173,567.4,298,True,2191.0,15.0,False,True
11214,0.462905854883475,51150.96359743041,6.0,6,True,2498.0,0.0,False,True
11215,0.4547726830893993,107133.58778625954,156.0,44,False,3125.0,0.0,False,True
11216,0.4627002068202587,65817.74081774082,411.6,155,False,1778.0,0.0,False,True
11217,0.4818213497502613,102531.34040501446,142.4,66,False,1183.0,0.0,False,True
11218,0.450639679205652,65583.38377723971,884.4,284,False,3087.0,0.0,False,True
11219,0.3723329323927484,44299.33061699651,2512.0,714,True,2595.0,0.0,False,True
11220,0.5679081369344573,37017.22832260508,1656.4,584,True,2251.0,0.0,False,True
11221,0.4477399272217107,53503.67197062424,325.6,73,True,2971.0,0.0,False,True
11222,0.5795151605750305,89192.82029234737,783.0,279,False,672.0,0.0,False,True
11223,0.4192827630971253,55444.3286692468,1391.0,533,True,1448.0,0.0,False,True
11224,0.4267847075773077,50012.23091976516,641.6,258,True,1165.0,0.0,False,True
11225,0.5012312743689719,59241.72637325145,3857.6,1121,True,1993.0,0.0,False,True
11226,0.5098314745727489,51581.9099378882,6251.0,2672,True,3099.0,0.0,True,True
11228,0.4751561227260386,60916.66666666667,1980.0,894,False,1212.0,0.0,False,True
11229,0.4655463635354893,63066.07521186441,0.0,0,False,1840.0,0.0,False,False
11230,0.4063383012909302,61947.777474775015,3876.4,1458,False,824.0,0.0,True,True
11231,0.4365293981302635,99623.89380530972,768.2,182,False,1462.0,0.0,False,True
11232,0.4392792408572342,52851.94174757282,2669.2,937,True,1699.0,0.0,False,True
11233,0.3807518796992481,50900.47393364929,2426.6,753,True,3415.0,0.0,False,True
11234,0.4677914110429448,69030.64861012118,2195.2,855,False,2870.0,0.0,False,True
11235,0.4909171893245374,60106.056890632666,2867.6,718,False,1753.0,0.0,False,True
11236,0.4596231090505785,53505.434782608696,5498.2,1947,True,4600.0,0.0,False,True
11237,0.496789097768264,49178.7542662116,0.0,0,True,1469.0,0.0,False,False
11238,0.5390459455269007,91554.80984340044,5795.2,1928,False,2010.0,0.0,False,True
11239,0.4854831032841504,46691.17647058824,2018.6,892,True,802.0,0.0,True,True
11354,0.5967660339884956,45820.25117739404,4114.4,2111,True,1253.0,0.0,True,True
11355,0.6658280394993396,36375.87379557906,2768.0,1373,True,3453.0,0.0,False,True
11356,0.4885639837869137,47101.851851851854,3090.2,1502,True,882.0,0.0,True,True
11357,0.4900448681996635,74928.46924177397,3583.2,1769,False,1087.0,0.0,True,True
11358,0.5471883549818046,59587.37864077671,4688.4,2103,True,679.0,0.0,True,True
11360,0.5198032354581875,88817.0731707317,4400.0,1948,False,485.0,0.0,True,True
11361,0.4867316544814514,69375.86926286509,1410.6,878,False,1501.0,0.0,False,True
11362,0.4938673613372408,80604.3956043956,9961.0,4950,False,349.0,0.0,True,True
11363,0.4738628649015614,89290.83094555873,10349.4,4037,False,226.0,15.0,True,True
11364,0.4876193473927185,71153.84615384616,18022.4,7209,False,1330.0,0.0,True,True
11365,0.4822936412200586,59569.00401965163,11535.6,4751,True,1306.0,0.0,True,True
11366,0.5124826121970861,69285.71428571429,17938.0,7202,False,587.0,0.0,True,True
11367,0.4481818601857413,58402.06185567011,16329.6,6376,True,2205.0,0.0,True,True
11368,0.4437250554323725,37360.08394963022,20481.0,8276,True,3057.0,0.0,True,True
11369,0.5789849892780558,45303.27428878153,10035.8,4186,True,1444.0,0.0,True,True
11370,0.4974435449510013,52810.49250535332,10397.4,3475,True,232.0,0.0,True,True
11372,0.5135744242623245,55456.262714327226,10546.6,4961,True,1767.0,16.0,True,True
11373,0.5095597263637959,43863.54943583859,14647.0,5889,True,3358.0,0.0,True,True
11374,0.4956595384289646,68042.50320375909,11829.2,4835,False,1851.0,0.0,True,True
11375,0.4668138063075041,89112.78837937908,13955.6,5230,False,1377.0,0.0,True,True
11377,0.5281856122883061,52190.35698737484,12625.6,5712,True,3046.0,0.0,True,True
11378,0.4652229299363057,60131.43483023002,7416.8,3107,False,632.0,0.0,True,True
11379,0.4754188337994302,72842.22100054976,6266.8,3694,False,1618.0,0.0,True,True
11385,0.4682480264591882,56635.8024691358,13788.6,4931,True,2990.0,0.0,True,True
11411,0.487130198321534,61994.70644850818,27619.6,12125,False,745.0,0.0,True,True
11412,0.4769295198679575,53815.85743801653,17404.4,5782,True,1674.0,0.0,True,True
11413,0.4780067808708065,58580.26131591227,11557.4,4616,True,2309.0,0.0,True,True
11414,0.44017910054652,76196.70905011219,4365.8,2443,False,828.0,0.0,True,True
11415,0.4636967757814423,71841.82590233546,16007.8,6642,False,63.0,0.0,True,True
11416,0.4695257969345902,44281.6091954023,6513.2,2274,True,577.0,0.0,True,True
11417,0.5,53020.833333333336,7122.2,3053,True,838.0,0.0,True,True
11418,0.4809875512174753,50623.98263700488,13555.6,5566,True,1610.0,0.0,True,True
11419,0.5326846307385229,43174.27790788446,5994.0,2279,True,1090.0,0.0,True,True
11420,0.4770003714347154,50056.3524590164,13073.0,4778,True,1895.0,0.0,True,True
11421,0.504909510974201,48021.92564346997,18097.4,7918,True,1294.0,0.0,True,True
11422,0.5034679217240525,58648.52398523985,7076.0,3167,True,1173.0,0.0,True,True
11423,0.50867283847465,54796.32063074902,4251.8,1542,True,489.0,0.0,True,True
11426,0.4814270511326204,70276.31578947368,13216.4,5703,False,711.0,0.0,True,True
11427,0.4696867431611545,65363.48267117498,13235.6,4665,False,191.0,0.0,True,True
11428,0.5098701033036719,56970.91273821464,10271.2,4313,True,545.0,0.0,True,True
11429,0.4711797450170587,52782.01219512196,15575.0,5712,True,357.0,0.0,True,True
11432,0.4386319785896558,53037.4246186591,5070.4,2014,True,1232.0,0.0,True,True
11433,0.4464170847806509,44920.7492795389,7954.6,4452,True,2105.0,0.0,True,True
11434,0.4823853803056525,52329.7354819094,1967.8,487,True,3225.0,0.0,False,True
11435,0.4519604409532863,51125.46125461255,9920.0,4774,True,1759.0,0.0,True,True
11436,0.4730900744765562,49839.10891089109,5448.4,2484,True,256.0,0.0,True,True
11501,0.5327983577493701,85836.25218914186,9399.0,3814,False,933.0,691.0,True,True
11507,0.5484460694698354,100000.0,4472.8,2049,False,213.0,0.0,True,True
11509,0.7491082045184304,111706.3492063492,6225.4,2193,True,0.0,0.0,True,True
11510,0.542343883661249,79843.58569926393,5074.2,2023,False,1547.0,349.0,True,True
11514,0.503968253968254,89222.44094488189,0.0,0,False,276.0,122.0,False,False
11516,0.3952662721893491,92140.71856287424,1936.4,859,False,156.0,140.0,True,True
11518,0.5731494074217991,91313.55932203388,4063.0,1723,False,472.0,288.0,True,True
11520,0.5564221410107852,59671.60592711253,1861.0,626,True,2809.0,632.0,False,False
11530,0.5293012372815259,118536.503683858,1169.0,334,False,671.0,251.0,False,False
11542,0.4976800137480667,73920.92541436464,5635.0,1901,False,1453.0,689.0,True,True
11545,0.5096121975472323,111361.78861788617,7162.6,2904,False,709.0,211.0,True,True
11548,0.3228699551569506,91840.27777777778,1878.4,832,False,263.0,223.0,True,True
11550,0.4964726049976923,48862.8818061089,8176.2,3814,True,2762.0,443.0,True,True
11552,0.5099258917943401,81212.34939759035,20047.2,7894,False,818.0,290.0,True,True
11553,0.5443591766477802,50782.27931488801,4201.6,1428,True,1482.0,155.0,True,True
11554,0.5434664640764054,86064.6530204693,3273.0,1279,False,962.0,406.0,True,True
11557,0.4933655006031363,101589.24205378973,0.0,0,False,390.0,187.0,False,False
11558,0.5323325635103926,79934.9240780911,9683.8,3806,False,272.0,57.0,True,True
11559,0.4306000916170407,99867.02127659574,15212.8,5489,False,745.0,729.0,True,True
11560,0.4784892801363055,102707.71513353116,6652.8,2728,False,117.0,57.0,True,True
11561,0.5026448200232229,93640.9137577002,10524.8,4351,False,654.0,373.0,True,True
11563,0.5259578326909998,89795.25862068965,12312.0,5206,False,1248.0,681.0,True,True
11565,0.5336735826029069,103404.36590436591,5793.4,2367,False,323.0,174.0,True,True
11566,0.5389098186955498,105126.97979246314,5242.6,1687,False,1868.0,997.0,False,True
11568,0.4166666666666667,120575.84269662922,15209.8,6027,False,291.0,270.0,True,True
11570,0.509518080815229,105026.04166666666,2404.2,922,False,653.0,516.0,True,True
11572,0.5440405860952572,94654.90797546013,5360.6,2110,False,1147.0,796.0,True,True
11575,0.5135587896555335,48674.82161060143,6161.8,2123,True,1386.0,304.0,True,True
11576,0.5261474492243723,122264.4376899696,5148.8,2164,False,562.0,518.0,True,True
11577,0.5016533591418663,106933.27974276528,2783.6,1176,False,433.0,207.0,True,True
11579,0.5057289608850257,108300.78125,4567.6,1734,False,140.0,20.0,True,True
11580,0.5380680247027376,73163.81156316918,5509.0,2023,False,861.0,269.0,True,True
11581,0.5010979358805446,86985.10078878177,5980.4,2366,False,562.0,156.0,True,True
11590,0.5478509311588914,70964.97906357062,5627.2,1957,False,1737.0,476.0,True,True
11596,0.532319391634981,100491.07142857143,6253.2,2487,False,253.0,150.0,True,True
11598,0.4135985135228133,110045.75707154744,5913.0,2399,False,392.0,299.0,True,True
11691,0.3319832302991544,47078.33904109589,4146.2,1301,True,2880.0,0.0,False,True
11692,0.369752684672958,50110.01100110011,3709.6,1260,True,902.0,0.0,True,True
11693,0.4300044254314795,61620.92624356775,0.0,0,False,328.0,0.0,False,False
11694,0.4071048283458784,84441.93912063134,2610.2,1244,False,752.0,0.0,True,True
11697,0.6183476938672073,100870.90163934426,3640.0,1840,True,0.0,0.0,True,True
11701,0.5535624596398077,63933.89500972133,2205.4,975,False,675.0,291.0,True,True
11702,0.5561093705497009,98351.47247119078,3178.4,1097,False,373.0,179.0,True,True
11703,0.552429080050534,76169.43866943866,45.0,0,False,1101.0,0.0,False,False
11704,0.5428521117903051,71373.95736793327,9759.6,4178,False,972.0,183.0,True,True
11705,0.5303841122606731,97813.90134529148,6807.4,2837,False,218.0,114.0,True,True
11706,0.5266133838653972,62169.90713871155,11099.4,4219,False,2408.0,885.0,True,True
11709,0.5530090196658288,93114.97326203209,10249.2,4837,False,52.0,0.0,True,True
11710,0.5195994277539342,96386.2885462555,2979.4,912,False,1017.0,579.0,False,True
11713,0.6378439079169006,66791.37323943662,0.0,0,True,213.0,45.0,False,False
11714,0.5605061486366066,83813.59300476947,0.0,0,False,798.0,338.0,False,False
11715,0.6339144215530903,100052.08333333334,2960.6,1036,True,40.0,0.0,True,True
11716,0.5677982926345047,83194.93006993007,861.6,255,False,720.0,305.0,False,False
11717,0.5270205790453909,46812.93808411215,205.2,40,True,2366.0,581.0,False,False
11718,0.5469977994341402,112212.64367816094,4620.0,1620,False,0.0,0.0,True,True
11719,0.4631997726626882,90184.0490797546,999.2,286,False,122.0,101.0,True,True
11720,0.5230705991162264,78700.06548788474,1613.6,430,False,483.0,116.0,True,True
11721,0.5236717917491247,110901.16279069768,1466.2,556,False,188.0,164.0,True,True
11722,0.5632966083387341,51929.53020134228,6605.6,2396,True,862.0,43.0,True,True
11724,0.5880306193458594,121079.88165680472,4681.8,1348,False,128.0,77.0,True,True
11725,0.5338437445623804,98549.54367666232,3820.8,1403,False,1937.0,1272.0,False,False
11726,0.5399156806745546,55373.63560033585,1588.4,372,True,502.0,57.0,True,True
11727,0.5236542684143989,71013.34180432021,60.4,0,False,614.0,374.0,False,False
11729,0.5994437763078774,72742.94670846395,110.4,20,False,521.0,155.0,False,False
11730,0.5597120271033315,91819.0416141236,2.0,2,False,95.0,95.0,False,False
11731,0.5235397538581754,94574.00497512438,10379.6,4015,False,577.0,427.0,True,True
11732,0.5386350817822899,103730.3664921466,4534.2,1522,False,0.0,0.0,True,True
11733,0.5195330559408229,107341.49054505004,4699.6,2137,False,696.0,656.0,True,True
11735,0.5428536495904145,82861.76801801802,5528.2,2192,False,995.0,605.0,True,True
11738,0.4388105792698112,76660.04540295119,0.0,0,False,477.0,288.0,False,False
11740,0.4368755676657584,97479.20997921,1343.2,448,False,272.0,163.0,True,True
11741,0.5309061957151129,84909.67961826858,1081.0,496,False,600.0,219.0,False,True
11742,0.5197798929208804,82993.56223175966,1673.6,597,False,481.0,223.0,True,True
11743,0.5484875552229438,103036.97183098592,1076.8,363,False,1758.0,1208.0,False,False
11746,0.5274670056012888,82848.83720930232,3916.6,1651,False,2068.0,1407.0,False,False
11747,0.5799540933435348,104056.72823218998,2970.4,1273,False,816.0,718.0,True,True
11749,0.54652466367713,69871.79487179487,1319.0,644,False,246.0,107.0,True,True
11751,0.5918080142211688,85309.76220275344,5714.0,2196,False,122.0,94.0,True,True
11752,0.5881711043212571,79730.98330241187,374.0,58,False,458.0,381.0,False,False
11753,0.492855505463437,112131.78294573644,45.599999999999994,0,False,289.0,83.0,False,False
11754,0.5371385166295914,92297.9797979798,4360.8,1520,False,540.0,322.0,True,True
11755,0.528338922057741,86842.1052631579,4195.2,1340,False,293.0,0.0,True,True
11756,0.5461739560517205,82007.33074601121,3814.4,1720,False,1303.0,959.0,False,True
11757,0.5399050618872278,73587.71569433031,1655.4,463,False,1182.0,523.0,False,False
11758,0.5440859024741241,94409.12173618175,2052.4,437,False,1606.0,932.0,False,False
11762,0.5320855614973262,100554.85762144052,1061.2,316,False,434.0,0.0,False,True
11763,0.5210818074920208,71437.78207607995,4537.2,1327,False,939.0,642.0,True,True
11764,0.5113681063645661,97788.46153846152,3886.3999999999996,1257,False,368.0,321.0,True,True
11765,0.480225988700565,123161.76470588236,7591.2,3040,False,72.0,0.0,True,True
11766,0.5663994423143952,99173.07692307692,1773.0,568,False,317.0,241.0,True,True
11767,0.5154212378389568,94879.51807228915,3588.2,1098,False,208.0,125.0,True,True
11768,0.5320395631181737,107389.8678414097,15271.0,6048,False,778.0,500.0,True,True
11769,0.5594097566347318,93971.4566929134,5152.8,1708,False,157.0,136.0,True,True
11771,0.520460866110449,101956.106870229,1864.1999999999998,681,False,220.0,66.0,True,True
11772,0.516043665233212,71971.15384615384,3630.4,1366,False,954.0,678.0,True,True
11776,0.5493594261785314,74745.28301886792,559.6,230,False,178.0,74.0,True,True
11777,0.5347304742357135,99267.67676767678,3622.8,1272,False,248.0,197.0,True,True
11778,0.5289692701664532,79538.57791225417,1761.8,791,False,305.0,117.0,True,True
11779,0.5293113261240752,76973.36265884654,2710.4,831,False,1776.0,1257.0,False,False
11780,0.5301914580265096,100317.02898550723,4938.0,1816,False,172.0,39.0,True,True
11782,0.5544895123403693,97106.20525059666,1109.6,402,False,399.0,100.0,False,True
11783,0.5233619273590071,97231.90932868353,11357.6,4057,False,601.0,347.0,True,True
11784,0.5168141592920354,70300.6088280061,728.6,184,False,461.0,99.0,False,True
11786,0.507699344412258,96996.996996997,5701.2,1714,False,173.0,91.0,True,True
11787,0.530690537084399,97898.41182913473,1119.0,445,False,1248.0,595.0,False,False
11788,0.5188928718340483,94110.9852774632,3329.0,1199,False,698.0,573.0,True,True
11789,0.5380683346785041,80000.0,529.4,122,False,0.0,0.0,True,True
11790,0.3640701172077585,98005.698005698,1477.8,635,False,296.0,280.0,True,True
11791,0.4904217549061683,110700.07955449482,10429.2,3967,False,1488.0,1066.0,True,True
11792,0.5165794066317626,97381.75675675676,583.8,136,False,267.0,143.0,False,False
11793,0.5511096711485501,98794.82657260436,533.0,190,False,826.0,552.0,False,False
11795,0.5153996101364522,95215.58245083208,4033.2,1594,False,706.0,556.0,True,True
11796,0.4996096799375488,92317.70833333334,739.6,331,False,55.0,0.0,True,True
11797,0.5454743018580898,118949.203187251,6037.0,2433,False,825.0,770.0,True,True
11798,0.5028602560610188,52085.59046587216,625.8,241,True,794.0,103.0,False,True
11801,0.5587723687659352,72526.65245202558,4074.8,1462,False,1355.0,731.0,True,True
11803,0.5030034985807644,107390.09186351708,3766.0,1616,False,1892.0,1425.0,False,False
11804,0.5671843349088453,110267.85714285712,4289.4,1772,False,0.0,0.0,True,True
11901,0.4416950201051655,59593.837535014005,3340.8,1226,True,916.0,482.0,True,True
11933,0.5433691756272402,76187.33509234828,1838.4,687,False,125.0,0.0,True,True
11934,0.5592697351504242,87873.5632183908,4776.4,1908,False,278.0,135.0,True,True
11935,0.6919564453811029,99111.67512690356,475.0,108,True,78.0,38.0,True,True
11937,0.4681558935361217,88515.22842639594,2491.6,763,False,623.0,123.0,True,True
11939,0.3708439897698209,94612.06896551725,4010.2,1526,False,0.0,0.0,True,True
11940,0.5346027096301721,90025.68493150684,3284.4,1466,False,151.0,0.0,True,True
11941,0.5816285599679102,94310.3448275862,100.8,22,False,16.0,0.0,True,True
11942,0.4928825622775801,88628.15884476533,1654.2,478,False,0.0,0.0,True,True
11944,0.4980204209210252,79393.30543933055,4270.8,1605,False,0.0,0.0,True,True
11946,0.4669749386310441,72249.38875305624,2065.6,828,False,113.0,44.0,True,True
11948,0.99,89642.85714285713,5412.0,1502,True,70.0,70.0,True,True
11949,0.5904198878278005,85349.80744544289,10043.8,3390,False,129.0,121.0,True,True
11950,0.5171255876427132,58840.02361275089,2607.2,931,True,226.0,46.0,True,True
11951,0.4576123989578462,57116.78832116789,510.4,179,True,187.0,107.0,True,True
11952,0.4951252150640413,90588.80308880308,1643.8,677,False,0.0,0.0,True,True
11953,0.5196700970732063,69662.92134831462,1289.4,365,False,759.0,564.0,False,False
11954,0.6200832947709394,82229.4776119403,2249.6,594,True,59.0,59.0,True,True
11955,0.5950297514875744,75441.17647058824,2677.0,1023,False,110.0,110.0,True,True
11957,0.3852459016393442,107180.8510638298,1849.0,462,False,0.0,0.0,True,True
11958,0.5375139977603584,83854.16666666667,5331.6,2355,False,0.0,0.0,True,True
11961,0.5591954898674387,75357.62942779291,6096.4,2375,False,98.0,0.0,True,True
11963,0.4961515689757252,99940.33412887828,7185.8,2967,False,108.0,0.0,True,True
11967,0.513030528667163,65339.25979680697,3247.4,1328,False,515.0,116.0,True,True
11968,0.4396975702855465,93614.3572621035,4526.2,1316,False,223.0,223.0,True,True
11971,0.5074769328666878,93495.29780564262,1712.6,429,False,172.0,132.0,True,True
11976,0.5211325400082069,112204.7244094488,118.19999999999999,39,False,0.0,0.0,True,True
11977,0.4789833822091887,95238.09523809524,1718.0,478,False,121.0,121.0,True,True
11978,0.5316200554295792,87203.79146919432,2113.6,642,False,247.0,175.0,True,True
11980,0.5968118195956454,84609.12052117265,2551.6,829,False,597.0,522.0,True,True
12008,0.6088992974238876,78846.15384615384,913.4,337,True,0.0,0.0,True,True
12009,0.4806536890170632,86375.0,12.6,0,False,88.0,0.0,False,False
12010,0.5012310292874729,56250.00000000001,1604.2,881,True,1017.0,611.0,False,False
12015,0.4135429262394196,81140.35087719298,6220.0,2473,False,0.0,0.0,True,True
12017,0.4057279236276849,76470.58823529413,3638.6,1148,False,0.0,0.0,True,True
12018,0.5493150684931507,83821.6957605985,1206.6,367,False,68.0,0.0,True,True
12019,0.5530104712041884,93461.53846153848,2159.6,887,False,244.0,0.0,True,True
12020,0.5192213126609008,77806.40668523677,5557.0,2081,False,1236.0,699.0,True,True
12022,0.394990366088632,64329.26829268293,1954.4,549,False,20.0,0.0,True,True
12023,0.4338668913226621,72815.53398058254,2471.4,796,False,0.0,0.0,True,True
12025,0.526615969581749,68050.54151624549,2906.0,911,False,0.0,0.0,True,True
12027,0.4877474081055608,92149.75845410628,4000.6,1677,False,8.0,0.0,True,True
12028,0.5268022181146026,67105.26315789473,1049.4,228,False,16.0,0.0,True,True
12029,0.5650857719475277,88392.85714285713,4277.0,1410,False,0.0,0.0,True,True
12032,0.6648575305291723,67857.14285714286,2322.2,1049,True,0.0,0.0,True,True
12033,0.5353403141361257,80378.97310513447,1086.8,194,False,327.0,177.0,True,False
12035,0.7851239669421488,56907.89473684211,1782.6,682,True,0.0,0.0,True,True
12036,0.4545454545454545,57500.0,4702.2,1063,True,0.0,0.0,True,True
12037,0.4530982120989468,68581.08108108108,1176.8,411,False,68.0,0.0,True,True
12041,0.7836990595611285,75000.0,4749.2,1568,True,0.0,0.0,True,True
12042,0.7070707070707071,64880.95238095238,0.0,0,True,0.0,0.0,True,False
12043,0.4288120222826791,61367.06948640484,3530.0,1409,False,317.0,206.0,True,True
12046,0.674373795761079,73214.28571428571,533.8,214,True,0.0,0.0,True,True
12047,0.4846949727385909,65744.02125775022,1458.6,570,False,440.0,181.0,True,True
12051,0.2892561983471074,68071.42857142857,3351.0,1116,False,52.0,22.0,True,True
12052,0.4002026342451874,77689.87341772151,5074.0,1580,False,0.0,0.0,True,True
12053,0.5196332000940512,81278.28054298642,4816.2,1406,False,124.0,56.0,True,True
12054,0.5330979699911739,97130.24282560706,849.6,294,False,579.0,128.0,False,True
12056,0.5569245933957615,81526.54867256638,4191.8,2260,False,64.0,64.0,True,True
12057,0.4106159238858287,63414.63414634147,54.0,18,False,16.0,0.0,True,True
12058,0.6018916595012898,62500.0,0.0,0,True,0.0,0.0,True,False
12059,0.5645730416372619,80312.5,169.0,0,False,0.0,0.0,True,False
12060,0.3861003861003861,87142.85714285713,776.4,273,False,0.0,0.0,True,True
12061,0.4931722173101483,85931.27490039842,1432.0,532,False,251.0,51.0,True,True
12062,0.5174488567990373,74127.90697674418,291.4,43,False,0.0,0.0,True,True
12063,0.4597701149425287,85714.28571428571,3099.2,1328,False,0.0,0.0,True,True
12064,0.8661417322834646,50000.0,86.0,37,True,0.0,0.0,True,True
12065,0.5226308821219398,83914.7702876771,848.2,268,False,2228.0,1270.0,False,False
12066,0.5288985823336968,69329.8969072165,357.2,119,False,0.0,0.0,True,True
12067,0.5078929306794784,75844.5945945946,549.4,193,False,16.0,0.0,True,True
12068,0.5261060183339976,60037.878787878784,388.6,84,False,192.0,0.0,False,True
12070,0.276110444177671,68297.10144927536,2191.2,940,False,0.0,0.0,True,True
12071,0.6451612903225806,42857.142857142855,0.0,0,True,0.0,0.0,True,False
12072,0.427807486631016,64648.4375,61.2,14,False,0.0,0.0,True,True
12074,0.5074424898511503,77166.66666666666,1568.0,575,False,37.0,0.0,True,True
12075,0.5128205128205128,79243.82716049382,2894.4,1125,False,0.0,0.0,True,True
12076,0.4799370574350904,65778.68852459016,2985.4,1224,False,0.0,0.0,True,True
12077,0.5168838862559242,94878.223495702,481.2,147,False,83.0,0.0,True,True
12078,0.432509505703422,52572.427572427565,1900.0,691,True,656.0,236.0,True,True
12083,0.4974358974358974,70489.69072164949,596.2,255,False,123.0,36.0,True,True
12084,0.4714933912014204,77405.85774058578,358.4,267,False,140.0,0.0,False,True
12085,0.6666666666666666,46323.52941176471,17.2,13,True,74.0,54.0,False,False
12086,0.5825242718446602,68489.58333333334,0.0,0,False,137.0,65.0,False,False
12087,0.4925723221266614,67857.14285714286,138.2,38,False,0.0,0.0,True,True
12090,0.4773434797647872,60552.536231884056,97.4,42,False,76.0,76.0,False,False
12092,0.3491271820448878,61160.71428571429,87.8,20,False,0.0,0.0,True,True
12093,0.5270758122743683,59760.27397260274,1533.1999999999998,416,True,16.0,0.0,True,True
12094,0.4185351270553064,69084.82142857142,27.0,0,False,0.0,0.0,True,False
12095,0.4449388209121245,58839.285714285725,1219.4,326,True,482.0,168.0,True,True
12106,0.5895900506678949,80664.0625,612.6,379,False,0.0,0.0,True,True
12108,0.5392156862745098,65340.90909090909,0.0,0,False,0.0,0.0,True,False
12110,0.5495340356564019,78732.71889400922,4108.4,1259,False,685.0,461.0,True,True
12116,0.5921539600296077,60156.25,1699.6,536,False,8.0,0.0,True,True
12117,0.5486008836524301,63087.24832214764,0.0,0,False,15.0,15.0,False,False
12118,0.5127740532705201,77311.542991755,1165.6,365,False,376.0,122.0,True,True
12120,0.4251968503937008,65277.77777777777,65.0,0,False,8.0,0.0,True,False
12121,0.4028837998303647,78026.3157894737,0.0,0,False,0.0,0.0,True,False
12122,0.5411436541143654,61082.47422680413,23.2,13,False,164.0,40.0,False,False
12123,0.534629404617254,74100.37878787878,209.4,102,False,160.0,70.0,False,False
12125,0.7051282051282052,61363.63636363637,479.6,180,True,0.0,0.0,True,True
12130,0.99,66037.73584905661,448.2,101,True,0.0,0.0,True,True
12134,0.4321561338289962,67809.13978494624,556.6,339,False,80.0,0.0,True,True
12136,0.5443037974683544,92151.16279069768,82.0,0,False,16.0,0.0,True,False
12137,0.4373464373464373,73174.1573033708,80.8,43,False,8.0,0.0,True,True
12138,0.4962354551676933,66637.93103448275,1229.8,420,False,0.0,0.0,True,True
12139,0.4545454545454545,70192.30769230769,4308.4,1517,False,0.0,0.0,True,True
12140,0.623229461756374,83096.59090909091,473.4,126,True,52.0,0.0,True,True
12143,0.4464449751975013,66666.66666666666,19.4,0,False,116.0,84.0,False,False
12144,0.5062362435803375,69984.14855072463,1107.2,477,False,518.0,294.0,False,True
12147,0.7038834951456311,72413.79310344828,2097.4,602,True,0.0,0.0,True,True
12148,0.565088080530771,100809.71659919027,4673.6,1087,False,68.0,0.0,True,True
12149,0.4755434782608695,56071.42857142857,193.6,48,True,40.0,0.0,True,True
12150,0.7809847198641766,66847.82608695651,398.4,144,True,0.0,0.0,True,True
12151,0.6084959816303099,88207.54716981133,2.0,0,True,8.0,0.0,False,False
12153,0.6543385490753911,83967.39130434784,571.2,276,True,0.0,0.0,True,True
12154,0.524822695035461,73817.56756756757,666.2,247,False,68.0,0.0,True,True
12155,0.4519450800915331,55696.20253164557,221.0,56,True,68.0,44.0,True,False
12156,0.5054151624548736,79166.66666666666,54.2,10,False,0.0,0.0,True,True
12157,0.4263226934849147,65000.0,28.0,25,False,247.0,131.0,False,False
12158,0.5508684863523573,79466.96696696695,52.0,22,False,68.0,0.0,False,True
12159,0.5448458963407595,103389.83050847458,903.4,316,False,118.0,118.0,True,True
12160,0.539568345323741,66944.44444444444,48.0,0,False,8.0,0.0,True,False
12164,0.5567010309278351,65277.77777777777,50.4,32,False,0.0,0.0,True,True
12165,0.99,96022.72727272728,524.0,228,True,0.0,0.0,True,True
12166,0.4451827242524916,55037.31343283582,0.0,0,True,0.0,0.0,True,False
12167,0.4515327257663629,57339.4495412844,5.3999999999999995,0,True,16.0,0.0,False,False
12168,0.5202973127501429,66895.6043956044,18.599999999999998,0,False,0.0,0.0,True,False
12169,0.5013192612137203,71052.63157894736,822.8,255,False,0.0,0.0,True,True
12170,0.4803827751196172,73207.17131474103,88.0,33,False,159.0,62.0,False,False
12173,0.4023552502453386,69207.31707317074,81.0,28,False,0.0,0.0,True,True
12175,0.5285714285714286,62162.16216216217,3856.4,1174,False,0.0,0.0,True,True
12176,0.3825136612021858,67857.14285714286,571.2,262,False,0.0,0.0,True,True
12180,0.4441801252625123,61354.60251046026,238.2,128,False,1613.0,837.0,False,False
12182,0.4753211629479378,56774.53769559033,515.4,125,True,610.0,228.0,False,False
12183,0.5020215633423181,57634.22818791946,2307.8,716,True,16.0,0.0,True,True
12184,0.4774972557628979,78053.16091954023,223.6,62,False,189.0,61.0,False,False
12185,0.5434173669467787,73195.8762886598,244.6,133,False,0.0,0.0,True,True
12186,0.5391304347826087,93621.70087976538,82.2,0,False,146.0,0.0,False,False
12187,0.5420827389443652,60197.36842105263,144.2,20,False,16.0,0.0,True,True
12188,0.4993542832544124,73362.06896551725,134.2,20,False,146.0,70.0,False,False
12189,0.4929310438221115,61428.57142857143,1702.2,779,False,323.0,39.0,True,True
12190,0.5772230889235569,60472.97297297298,137.2,56,False,16.0,0.0,True,True
12192,0.4879679144385027,66952.05479452055,47.599999999999994,26,False,0.0,0.0,True,True
12193,0.6272401433691757,73809.5238095238,19.2,15,True,0.0,0.0,True,True
12196,0.3869499241274658,85947.71241830065,6877.8,2435,False,91.0,27.0,True,True
12197,0.5125576627370579,65500.0,294.6,151,False,24.0,0.0,True,True
12198,0.5608391608391609,80112.21945137157,223.0,52,False,87.0,63.0,False,False
12202,0.4247422680412371,37166.26213592233,386.6,63,True,283.0,0.0,False,True
12203,0.4527745948600425,72107.73680404916,50.0,25,False,938.0,398.0,False,False
12204,0.4617323556370302,64454.094292803966,194.6,43,False,30.0,0.0,True,True
12205,0.5587078226660614,67594.78672985782,31.8,14,False,1016.0,350.0,False,False
12206,0.4448049753261678,40102.58358662614,585.8,224,True,1003.0,398.0,False,False
12207,0.4450149764655541,50360.57692307692,417.2,197,True,115.0,0.0,True,True
12208,0.4367001037703217,66769.80198019801,230.0,72,False,486.0,174.0,False,False
12209,0.4900738467440299,55650.68493150685,133.8,33,True,568.0,205.0,False,False
12210,0.4699686012356933,47252.15517241379,1061.6,549,True,478.0,246.0,True,True
12211,0.4579749509582013,98887.97364085668,3476.6,1200,False,221.0,69.0,True,True
12302,0.5172846140068064,76791.89750692522,0.0,0,False,662.0,368.0,False,False
12303,0.514487870619946,67943.68041912247,667.2,167,False,670.0,177.0,False,False
12304,0.476233961919547,52301.05465004794,832.0,287,True,714.0,408.0,False,False
12305,0.333718578445536,50378.78787878788,13.2,0,True,236.0,193.0,False,False
12306,0.5224445646295295,65381.29744651483,123.0,59,False,585.0,356.0,False,False
12307,0.3815337657382678,30083.33333333333,132.2,51,True,284.0,0.0,False,True
12308,0.4496415396394515,49206.65634674922,1124.8,454,True,271.0,137.0,True,True
12309,0.4704188167526701,92123.72448979592,169.6,44,False,908.0,285.0,False,False
12401,0.4795378223006432,62344.213649851634,108.8,53,False,898.0,522.0,False,False
12404,0.4477225672877847,77456.64739884392,395.6,80,False,80.0,0.0,True,True
12405,0.5636363636363636,58064.51612903226,1726.0,626,True,8.0,0.0,True,True
12406,0.5084745762711864,60000.0,211.8,58,True,34.0,34.0,True,True
12407,0.99,44642.857142857145,20.0,10,True,0.0,0.0,True,True
12409,0.5845511482254697,87053.57142857143,2355.6,809,False,0.0,0.0,True,True
12410,0.486322188449848,75781.25,0.0,0,False,0.0,0.0,True,False
12411,0.7427055702917772,64285.71428571428,195.8,54,True,0.0,0.0,True,True
12412,0.5772811918063314,68951.61290322582,290.8,128,False,0.0,0.0,True,True
12413,0.4675572519083969,57397.95918367347,2274.0,994,True,86.0,58.0,True,True
12414,0.4769001490312965,62656.25,77.6,36,False,216.0,0.0,False,True
12418,0.8163265306122449,60937.5,321.8,121,True,0.0,0.0,True,True
12419,0.3859250851305335,79411.76470588235,330.6,137,False,8.0,0.0,True,True
12421,0.8928571428571429,89375.0,729.8,346,True,0.0,0.0,True,True
12422,0.3266331658291457,63461.53846153846,42.0,42,False,0.0,0.0,True,True
12423,0.4302788844621514,56018.51851851851,109.6,48,True,0.0,0.0,True,True
12424,0.4597701149425287,65625.0,106.0,8,False,0.0,0.0,True,True
12427,0.2341463414634146,51041.66666666667,34.0,17,True,0.0,0.0,True,True
12428,0.3910693970420933,53636.36363636363,19.6,13,True,155.0,59.0,False,False
12430,0.3504847129008203,62765.95744680851,502.4,178,False,0.0,0.0,True,True
12431,0.4336043360433604,68593.75,29.0,9,False,8.0,0.0,True,True
12433,0.3821656050955414,89062.5,313.4,82,False,0.0,0.0,True,True
12434,0.3150406504065041,50000.0,340.4,116,True,8.0,0.0,True,True
12435,0.7359307359307359,65441.17647058824,30.0,13,True,0.0,0.0,True,True
12439,0.5723905723905723,59558.82352941177,151.8,97,True,0.0,0.0,True,True
12440,0.6831882116543871,79166.66666666667,584.8,216,True,0.0,0.0,True,True
12442,0.7098765432098766,67934.78260869565,2954.2,1223,True,0.0,0.0,True,True
12443,0.5750977107761027,84951.45631067961,31.4,0,False,178.0,119.0,False,False
12444,0.3159851301115242,84558.82352941178,487.2,161,False,0.0,0.0,True,True
12446,0.4965263588067021,69804.5267489712,322.0,103,False,16.0,0.0,True,True
12448,0.8450704225352113,75000.0,67.0,67,True,0.0,0.0,True,True
12449,0.5136235515189477,61432.9268292683,121.6,53,False,243.0,103.0,False,False
12451,0.8333333333333334,61925.28735632184,129.2,5,True,8.0,0.0,True,True
12454,0.2631578947368421,61458.33333333333,288.2,98,False,0.0,0.0,True,True
12455,0.430939226519337,65705.1282051282,200.2,19,False,8.0,0.0,True,True
12456,0.5357142857142857,53846.15384615384,145.2,41,True,0.0,0.0,True,True
12457,0.2883865939204988,77027.02702702704,711.2,262,False,16.0,0.0,True,True
12458,0.3113396172522136,57683.48623853212,852.2,228,True,0.0,0.0,True,True
12460,0.6511627906976745,61607.142857142855,900.2,316,True,0.0,0.0,True,True
12461,0.6272793581327498,77180.23255813953,108.2,63,True,16.0,0.0,True,True
12463,0.5667412378821775,69243.42105263157,9.0,9,False,12.0,0.0,False,True
12464,0.4117108874656907,68611.11111111111,29.4,7,False,27.0,16.0,False,False
12465,0.2604166666666667,55000.0,22.0,14,True,0.0,0.0,True,True
12466,0.748792270531401,68709.67741935483,195.2,119,True,95.0,0.0,True,True
12468,0.430188679245283,59649.12280701754,230.0,95,True,0.0,0.0,True,True
12469,0.423412204234122,66544.11764705883,213.39999999999998,75,False,0.0,0.0,True,True
12470,0.3084832904884318,59375.0,92.4,10,True,0.0,0.0,True,True
12472,0.7221750212404418,67058.82352941176,714.0,334,True,0.0,0.0,True,True
12473,0.7692307692307693,70833.33333333334,65.0,40,True,0.0,0.0,True,True
12474,0.6074766355140186,67067.30769230769,378.79999999999995,90,True,0.0,0.0,True,True
12477,0.4860699466508595,68445.12195121952,48.599999999999994,14,False,564.0,319.0,False,False
12480,0.7716049382716049,59000.0,137.2,27,True,0.0,0.0,True,True
12481,0.4554588077695914,72977.9411764706,36.0,20,False,0.0,0.0,True,True
12482,0.6181818181818182,48897.05882352941,52.0,43,True,0.0,0.0,True,True
12484,0.4358138155944263,83843.53741496598,5869.2,2236,False,33.0,33.0,True,True
12485,0.5752212389380531,64663.46153846154,2428.0,635,False,29.0,29.0,True,True
12486,0.4488636363636363,77373.41772151898,399.6,246,False,0.0,0.0,True,True
12487,0.3837357052096569,68791.39072847682,1026.4,347,False,0.0,0.0,True,True
12491,0.5002428363283147,75000.0,209.4,86,False,0.0,0.0,True,True
12492,0.7182320441988951,72115.38461538462,691.6,240,True,0.0,0.0,True,True
12494,0.3815028901734104,82196.9696969697,51.0,21,False,0.0,0.0,True,True
12495,0.99,94166.66666666669,1458.6,465,True,0.0,0.0,True,True
12496,0.5339435545385202,73392.85714285714,2709.6,964,False,0.0,0.0,True,True
12498,0.5414847161572053,86895.16129032258,85.6,41,False,44.0,44.0,False,False
12501,0.4838709677419355,69285.71428571429,70.19999999999999,0,False,143.0,26.0,False,False
12502,0.4620749782040104,81367.9245283019,184.6,74,False,0.0,0.0,True,True
12503,0.3939008894536213,79032.25806451612,26.8,2,False,0.0,0.0,True,True
12508,0.4751461988304093,75068.68131868132,0.0,0,False,723.0,345.0,False,False
12513,0.99,77412.28070175438,836.6,162,True,0.0,0.0,True,True
12514,0.4697986577181208,94553.57142857142,178.4,75,False,0.0,0.0,True,True
12515,0.5105296745373324,64375.0,839.5999999999999,236,False,0.0,0.0,True,True
12516,0.4195804195804196,70032.05128205128,1377.6,798,False,0.0,0.0,True,True
12517,0.5208333333333334,69375.0,2637.4,1017,False,0.0,0.0,True,True
12518,0.5101518512199283,88043.47826086955,1649.4,830,False,116.0,36.0,True,True
12520,0.5505181347150259,92352.9411764706,3604.8,1306,False,166.0,116.0,True,True
12521,0.4604853764779091,80743.24324324325,2216.2,446,False,18.0,18.0,True,True
12522,0.4963350785340314,65189.87341772152,302.4,196,False,48.0,0.0,True,True
12523,0.458207452165156,67719.78021978022,2096.6,930,False,0.0,0.0,True,True
12524,0.5291818822474214,83171.91283292978,1935.6,837,False,445.0,128.0,True,True
12525,0.99,78600.54347826088,823.0,282,True,0.0,0.0,True,True
12526,0.545609548167093,73372.39583333334,1738.8,798,False,8.0,0.0,True,True
12528,0.5360083844886959,75715.78212290502,0.0,0,False,374.0,225.0,False,False
12529,0.5574912891986062,79882.8125,0.0,0,False,0.0,0.0,True,False
12531,0.6254826254826255,87191.35802469136,4312.2,1486,True,158.0,124.0,True,True
12533,0.5150672406567869,92242.97337278108,4398.0,1262,False,830.0,637.0,True,True
12534,0.4502023381294964,63046.1922596754,3355.4,1310,False,438.0,56.0,True,True
12538,0.4834352338973411,71488.97058823529,404.6,245,False,461.0,274.0,False,False
12540,0.4227170054856405,92557.25190839695,4148.4,1809,False,187.0,104.0,True,True
12542,0.5591985428051002,77728.01302931597,1526.8,553,False,167.0,109.0,True,True
12543,0.5039872408293461,62500.0,1771.8,796,False,0.0,0.0,True,True
12545,0.493253704932537,86659.19282511211,5834.6,2383,False,100.0,44.0,True,True
12546,0.5370370370370371,68362.06896551725,5411.4,2148,False,29.0,29.0,True,True
12547,0.500457735733903,71951.21951219512,527.2,198,False,142.0,90.0,True,True
12548,0.6890130353817505,73648.64864864865,22.4,17,True,0.0,0.0,True,True
12549,0.5021156558533145,81741.57303370786,6.3999999999999995,1,False,558.0,366.0,False,False
12550,0.4893148509132914,61766.87569162671,13.6,4,False,1289.0,741.0,False,False
12553,0.5056733189828159,72709.23520923521,110.8,56,False,945.0,697.0,False,False
12561,0.4041685046316718,79791.95088676672,0.0,0,False,378.0,222.0,False,False
12563,0.4914835522038747,75992.06349206349,45.8,25,False,232.0,81.0,False,False
12564,0.4688311688311688,86391.96675900277,30.2,0,False,142.0,123.0,False,False
12565,0.4618345093008338,54513.88888888888,373.6,75,True,18.0,18.0,True,True
12566,0.4489401144515193,72868.04308797127,1000.6,561,False,148.0,63.0,True,True
12567,0.5624201107797188,74337.12121212122,0.0,0,False,0.0,0.0,True,False
12569,0.5414974487139436,79254.80769230769,20.4,0,False,196.0,50.0,False,False
12570,0.5344503827820309,90675.67567567568,35.0,29,False,72.0,0.0,False,True
12571,0.5208446128857607,81003.11850311852,151.4,83,False,192.0,58.0,False,False
12572,0.5028534510606224,91622.0556745182,99.0,99,False,217.0,102.0,False,False
12575,0.8017676767676768,87204.72440944883,13.0,0,True,24.0,0.0,False,False
12577,0.7280927835051546,88053.09734513274,6.6,0,True,16.0,0.0,False,False
12578,0.5458823529411765,87068.96551724138,119.4,9,False,32.0,0.0,True,True
12580,0.4126426690079016,82114.36170212766,13.2,0,False,24.0,0.0,False,False
12581,0.5095541401273885,81610.57692307692,294.8,196,False,48.0,40.0,True,True
12582,0.3858625162127108,92489.49579831932,793.0,153,False,64.0,0.0,True,True
12583,0.6004366812227074,72045.45454545453,0.0,0,True,16.0,0.0,False,False
12585,0.5344418052256532,90000.0,187.0,39,False,16.0,0.0,True,True
12586,0.5163255741290423,70612.70801815431,262.4,107,False,197.0,93.0,False,False
12589,0.3676470588235294,73003.47222222222,39.0,0,False,288.0,20.0,False,False
12590,0.5239569752281616,77961.3789528253,139.6,59,False,867.0,495.0,False,False
12592,0.3988803358992302,62500.0,191.8,85,False,0.0,0.0,True,True
12594,0.4979353898469759,69268.29268292684,37.4,7,False,251.0,214.0,False,False
12601,0.4337161589069986,56388.742071881614,5.3999999999999995,0,True,1306.0,764.0,False,False
12603,0.5268269572426862,79648.15647482015,5.3999999999999995,0,False,1281.0,605.0,False,False
12701,0.4121143958868895,49512.67056530213,12.2,8,True,690.0,287.0,False,False
12719,0.4151943462897526,77127.65957446808,133.4,38,False,15.0,15.0,True,True
12721,0.4115853658536585,66358.02469135802,0.0,0,False,16.0,0.0,False,False
12723,0.4279279279279279,70394.73684210527,38.0,30,False,8.0,0.0,True,True
12725,0.4334365325077399,71428.57142857142,412.0,181,False,24.0,0.0,True,True
12726,0.3905674281503316,70283.01886792453,9.8,0,False,8.0,0.0,False,False
12729,0.5788712011577424,59218.75,592.0,270,True,40.0,0.0,True,True
12732,0.4578313253012048,71381.57894736841,0.0,0,False,8.0,0.0,False,False
12733,0.1402805611222445,44196.42857142857,285.6,100,True,0.0,0.0,True,True
12734,0.5019685039370079,50000.0,36.0,10,True,0.0,0.0,True,True
12737,0.5415384615384615,73437.5,100.8,64,False,56.0,0.0,False,True
12738,0.3342618384401114,54166.66666666666,0.0,0,True,8.0,0.0,False,False
12740,0.5545722713864307,71542.55319148935,0.0,0,False,68.0,0.0,False,False
12741,0.7738095238095238,61538.46153846154,92.6,36,True,0.0,0.0,True,True
12742,0.7731958762886598,60000.0,237.2,46,True,98.0,98.0,True,False
12743,0.5161290322580645,75781.25,113.2,17,False,0.0,0.0,True,True
12746,0.9166666666666666,59772.72727272727,160.2,99,True,0.0,0.0,True,True
12747,0.3603158933859822,59417.80821917808,160.39999999999998,61,True,8.0,0.0,True,True
12748,0.508280982295831,69241.57303370787,0.0,0,False,8.0,0.0,False,False
12751,0.3822762814943527,44886.36363636363,53.6,43,True,0.0,0.0,True,True
12752,0.5298013245033113,67187.5,113.8,72,False,0.0,0.0,True,True
12754,0.391025641025641,50901.63934426229,100.0,22,True,549.0,89.0,False,False
12758,0.464091262639357,66759.77653631286,41.0,14,False,149.0,149.0,False,False
12759,0.331002331002331,42957.74647887324,18.0,10,True,0.0,0.0,True,True
12760,0.5411764705882353,64130.434782608696,310.0,116,False,0.0,0.0,True,True
12762,0.7428571428571429,62980.769230769234,125.6,60,True,24.0,24.0,True,True
12763,0.8723404255319149,58536.58536585367,46.8,24,True,0.0,0.0,True,True
12764,0.4670169293636894,77500.0,111.0,62,False,8.0,0.0,True,True
12765,0.4601571268237935,76524.39024390244,0.0,0,False,0.0,0.0,True,False
12766,0.2735562310030395,62499.99999999999,80.19999999999999,24,False,0.0,0.0,True,True
12768,0.5427251732101617,63829.78723404255,71.0,0,False,0.0,0.0,True,False
12771,0.448318804483188,60223.76543209877,58.8,19,False,324.0,134.0,False,False
12775,0.5618431689571544,80125.89928057554,57.0,24,False,41.0,32.0,False,False
12776,0.4295366795366795,68960.67415730338,2200.4,695,False,0.0,0.0,True,True
12777,0.425531914893617,86111.11111111111,38.2,5,False,0.0,0.0,True,True
12778,0.9701492537313432,71153.84615384616,48.2,0,True,0.0,0.0,True,False
12779,0.4557291666666667,49523.80952380953,6.0,0,True,0.0,0.0,True,False
12780,0.5202821869488536,66313.55932203389,8.4,0,False,0.0,0.0,True,False
12783,0.4471256210078069,61904.76190476189,496.2,127,False,0.0,0.0,True,True
12786,0.5809859154929577,78030.30303030304,243.39999999999998,46,False,0.0,0.0,True,True
12787,0.99,60119.04761904761,255.4,45,True,0.0,0.0,True,True
12788,0.3731080605420626,60259.43396226414,412.0,102,False,208.0,200.0,False,False
12789,0.3553082191780822,57078.31325301205,0.0,0,True,16.0,0.0,False,False
12790,0.5655466161855183,63912.133891213394,0.0,0,False,114.0,22.0,False,False
12791,0.4492753623188406,69354.83870967742,296.4,128,False,32.0,0.0,True,True
12792,0.99,74404.7619047619,7.0,7,True,0.0,0.0,True,True
12801,0.5103700691337942,55660.690571049134,2.4,0,True,297.0,251.0,False,False
12803,0.5233348436792026,60254.329004329,77.8,32,False,322.0,0.0,False,True
12804,0.5092609242941917,72351.69491525424,0.0,0,False,766.0,466.0,False,False
12808,0.7960199004975125,84375.0,130.6,34,True,0.0,0.0,True,True
12809,0.4485049833887043,64891.975308641966,351.2,66,False,32.0,0.0,True,True
12810,0.5586592178770949,52083.33333333333,266.0,48,True,0.0,0.0,True,True
12814,0.7312775330396476,75000.0,209.8,108,True,20.0,0.0,True,True
12815,0.4367606915377616,70052.08333333334,85.8,16,False,0.0,0.0,True,True
12816,0.4604409857328145,64906.103286384976,0.0,0,False,84.0,40.0,False,False
12817,0.5996924654023578,69871.79487179487,28.4,0,False,47.0,47.0,False,False
12819,0.4195804195804196,43750.0,2191.0,690,True,0.0,0.0,True,True
12821,0.0588730025231286,48214.28571428571,12.0,12,True,8.0,0.0,False,True
12822,0.4741935483870967,58248.299319727885,0.0,0,True,60.0,0.0,False,False
12823,0.298804780876494,69166.66666666667,271.4,115,False,0.0,0.0,True,True
12824,0.3952205882352941,81395.3488372093,168.2,55,False,0.0,0.0,True,True
12827,0.5172883201742445,63092.10526315789,107.2,36,False,0.0,0.0,True,True
12828,0.4984358706986444,59544.97907949791,54.8,20,True,288.0,202.0,False,False
12831,0.4929577464788732,80080.28792912513,841.0,361,False,192.0,0.0,True,True
12832,0.4239901325932778,59000.000000000015,316.4,60,True,72.0,0.0,True,True
12833,0.4337855914389451,77312.77533039649,111.39999999999999,11,False,16.0,0.0,True,True
12834,0.5174892189746046,68557.0987654321,455.4,142,False,84.0,0.0,True,True
12835,0.5068762278978389,65794.57364341085,302.2,81,False,0.0,0.0,True,True
12836,0.6073752711496746,70982.14285714286,1886.8,615,True,0.0,0.0,True,True
12837,0.4436860068259385,55769.230769230766,181.39999999999998,29,True,0.0,0.0,True,True
12838,0.4299583911234396,56048.3870967742,233.0,83,True,0.0,0.0,True,True
12839,0.4577157802964254,53095.2380952381,0.0,0,True,327.0,102.0,False,False
12842,0.8652482269503546,61065.5737704918,1779.0,702,True,16.0,0.0,True,True
12843,0.3834808259587021,55769.230769230766,217.0,102,True,0.0,0.0,True,True
12844,0.5119453924914675,90833.33333333334,0.0,0,False,0.0,0.0,True,False
12845,0.5707413076754866,73563.2183908046,380.0,203,False,33.0,0.0,True,True
12846,0.5226364846870839,62101.91082802547,4582.6,1771,False,60.0,20.0,True,True
12847,0.4657933042212518,67578.125,1845.6,676,False,0.0,0.0,True,True
12849,0.6588235294117647,59821.42857142857,1382.6,502,True,37.0,21.0,True,True
12850,0.5240014657383657,77272.72727272728,1726.6,568,False,0.0,0.0,True,True
12851,0.5015673981191222,50000.0,768.6,271,True,0.0,0.0,True,True
12852,0.6027397260273972,66477.27272727272,435.8,199,True,0.0,0.0,True,True
12853,0.485859318346628,59514.92537313433,0.0,0,True,0.0,0.0,True,False
12855,0.5314009661835749,48863.63636363636,352.0,117,True,0.0,0.0,True,True
12857,0.3252032520325203,55208.33333333333,340.2,122,True,0.0,0.0,True,True
12859,0.5498652291105122,68627.45098039215,561.4,167,False,0.0,0.0,True,True
12860,0.989010989010989,54513.88888888889,120.19999999999999,9,True,0.0,0.0,True,True
12861,0.5035971223021583,69196.42857142858,1929.0,420,False,0.0,0.0,True,True
12863,0.4190260475651189,79054.05405405405,8269.2,2830,False,0.0,0.0,True,True
12865,0.4756380510440835,59527.439024390245,3772.0,1145,True,24.0,0.0,True,True
12866,0.5219900548785201,88018.2625863771,1602.0,563,False,775.0,327.0,False,True
12870,0.4911242603550296,65512.048192771086,721.4,177,False,30.0,0.0,True,True
12871,0.4836788182034787,71120.68965517242,1190.6,342,False,24.0,0.0,True,True
12873,0.4228571428571429,69932.43243243244,221.2,164,False,0.0,0.0,True,True
12878,0.4563233376792698,54285.71428571428,1753.8,630,True,0.0,0.0,True,True
12883,0.4711277882009589,58185.8407079646,214.2,101,True,111.0,79.0,False,False
12885,0.4828836998413058,51936.61971830986,1398.8,546,True,122.0,76.0,True,True
12886,0.4761904761904761,60227.27272727273,1123.4,509,False,0.0,0.0,True,True
12887,0.4597457627118644,54550.69124423964,1158.2,272,True,71.0,39.0,True,True
12901,0.4375443248743486,59593.023255813954,874.0,142,True,550.0,209.0,False,False
12903,0.5630498533724341,71354.16666666666,16.0,16,False,85.0,85.0,False,False
12910,0.3976670201484623,57666.66666666667,144.4,81,True,0.0,0.0,True,True
12912,0.5583195135433942,55693.0693069307,127.6,54,True,44.0,20.0,True,True
12913,0.4642525533890436,63000.0,169.8,30,False,60.0,32.0,False,False
12914,0.3995433789954338,53928.57142857142,531.8,199,True,16.0,0.0,True,True
12916,0.3957894736842105,53723.404255319154,278.4,157,True,64.0,20.0,True,True
12917,0.5194805194805194,58398.4375,573.8,161,True,0.0,0.0,True,True
12918,0.4641350210970464,65495.867768595046,203.39999999999998,39,False,32.0,0.0,True,True
12919,0.5743740795287187,58573.71794871794,53.2,22,True,32.0,0.0,False,True
12920,0.4446274186908193,62847.22222222223,2215.8,879,False,44.0,0.0,True,True
12921,0.4355400696864111,66000.0,2672.2,1034,False,97.0,15.0,True,True
12923,0.4940711462450592,55000.0,3855.2,1286,True,16.0,0.0,True,True
12926,0.4,51612.90322580645,246.8,74,True,32.0,0.0,True,True
12928,0.4975922953451043,58198.9247311828,256.79999999999995,58,True,0.0,0.0,True,True
12930,0.3558718861209964,57500.0,6048.2,2394,True,0.0,0.0,True,True
12932,0.5963302752293578,61538.46153846153,5514.4,2177,False,64.0,64.0,True,True
12934,0.3425229741019214,56097.56097560976,0.0,0,True,8.0,0.0,False,False
12935,0.4978662873399715,59285.71428571429,1704.8,695,True,34.0,18.0,True,True
12936,0.4769001490312965,67578.125,68.0,47,False,16.0,0.0,True,True
12937,0.3961748633879781,52370.68965517242,37.4,0,True,16.0,0.0,True,False
12941,0.384160756501182,65769.23076923077,1616.8,742,False,16.0,0.0,True,True
12942,0.6976744186046512,86805.55555555556,0.0,0,True,30.0,30.0,False,False
12943,0.7,63095.23809523809,116.0,15,True,8.0,0.0,True,True
12944,0.4708001029071263,56284.15300546448,0.0,0,True,18.0,18.0,False,False
12945,0.6439393939393939,65808.82352941176,64.0,25,True,0.0,0.0,True,True
12946,0.5655634687892752,69768.51851851851,239.4,129,False,201.0,24.0,False,True
12950,0.5688622754491018,54276.31578947368,281.4,174,True,32.0,0.0,True,True
12952,0.9056603773584906,52604.16666666666,67.8,19,True,0.0,0.0,True,True
12953,0.3662838699992494,58555.32786885247,176.39999999999998,31,True,343.0,163.0,False,False
12955,0.5217391304347826,59027.777777777774,242.8,105,True,0.0,0.0,True,True
12956,0.4326923076923077,56018.518518518526,0.0,0,True,20.0,20.0,False,False
12957,0.4250151791135397,51071.428571428565,244.6,91,True,0.0,0.0,True,True
12958,0.4975396391470749,58379.120879120885,51.8,0,True,16.0,0.0,True,False
12959,0.3831891223733004,54838.70967741936,217.4,66,True,8.0,0.0,True,True
12960,0.6,60648.14814814815,9.8,0,True,16.0,0.0,False,False
12962,0.5385072262918233,71737.13235294117,0.0,0,False,106.0,0.0,False,False
12965,0.8823529411764706,53645.83333333333,22.0,0,True,0.0,0.0,True,False
12966,0.3870558375634518,56045.08196721312,0.0,0,True,0.0,0.0,True,False
12967,0.3833605220228385,56382.97872340425,61.4,44,True,0.0,0.0,True,True
12969,0.821917808219178,61805.55555555556,340.2,57,True,0.0,0.0,True,True
12970,0.1814300960512273,61764.705882352944,159.2,10,False,0.0,0.0,True,True
12972,0.4525464604908498,69670.84639498433,62.599999999999994,0,False,88.0,0.0,False,False
12974,0.3310613437195716,55514.70588235294,4.0,4,True,54.0,0.0,False,True
12978,0.703125,52777.777777777774,404.6,247,True,0.0,0.0,True,True
12979,0.4696132596685083,63025.21008403361,11.8,6,False,0.0,0.0,True,True
12980,0.5008944543828264,52455.357142857145,1832.8,687,True,0.0,0.0,True,True
12981,0.4714226115978306,64823.00884955751,590.8,252,False,134.0,0.0,True,True
12983,0.4716466739367502,66835.26011560694,498.79999999999995,80,False,201.0,90.0,False,False
12985,0.5245901639344263,55468.75,21.2,3,True,40.0,0.0,False,True
12986,0.4742345033607169,61368.11023622048,13.799999999999999,0,False,128.0,56.0,False,False
12987,0.7236842105263158,55681.81818181818,14.8,6,True,0.0,0.0,True,True
12989,0.4639175257731959,70277.77777777778,185.2,42,False,0.0,0.0,True,True
12992,0.6359300476947536,60052.083333333336,96.8,19,True,16.0,0.0,True,True
12993,0.4895960832313341,67500.0,81.8,0,False,92.0,40.0,False,False
12996,0.4689863842662632,58870.967741935485,37.0,37,True,35.0,35.0,False,False
12997,0.4930156121610518,64583.333333333336,42.6,27,False,0.0,0.0,True,True
12998,0.8503401360544217,47000.0,26.0,26,True,0.0,0.0,True,True
13021,0.4811370882040383,61257.59249033683,25.0,0,False,1573.0,754.0,False,False
13026,0.3626943005181347,68849.20634920635,1944.4,720,False,0.0,0.0,True,True
13027,0.498137277037706,77457.50708215298,284.8,143,False,859.0,288.0,False,False
13028,0.7169344870210136,62068.96551724138,203.39999999999998,48,True,0.0,0.0,True,True
13029,0.4696623508504696,75979.72972972973,75.2,47,False,76.0,0.0,False,True
13030,0.4915169660678642,65926.39593908629,73.0,0,False,16.0,0.0,True,False
13031,0.5577790483450861,77377.56264236901,477.4,219,False,286.0,132.0,False,True
13032,0.4603937374050534,61531.98653198653,224.2,31,False,222.0,101.0,False,False
13033,0.4807429664026222,64630.681818181816,0.0,0,False,195.0,25.0,False,False
13034,0.410484668644906,71536.14457831325,176.8,79,False,0.0,0.0,True,True
13035,0.464841906559698,87944.16243654823,0.0,0,False,236.0,146.0,False,False
13036,0.4800443458980044,64145.49653579677,264.8,0,False,238.0,0.0,False,False
13037,0.4674733684972593,71349.5575221239,6.6,0,False,163.0,33.0,False,False
13039,0.5459989432278518,78051.07526881719,0.0,0,False,627.0,355.0,False,False
13040,0.4580152671755725,56354.16666666667,288.2,66,True,0.0,0.0,True,True
13041,0.499075785582255,78051.3468013468,369.0,142,False,302.0,168.0,False,False
13042,0.5268389662027833,64504.71698113207,552.6,233,False,0.0,0.0,True,True
13044,0.4064771976206213,65650.40650406505,125.2,13,False,79.0,0.0,False,True
13045,0.4009660120041197,60163.86182462357,3.5999999999999996,0,False,944.0,532.0,False,False
13052,0.476460578559274,61011.90476190476,2200.4,793,False,0.0,0.0,True,True
13053,0.4451982192071231,68630.95238095237,1346.6,526,False,186.0,170.0,True,True
13054,0.5582922824302134,60110.29411764706,3383.6,1230,False,74.0,0.0,True,True
13057,0.5408611905925047,65096.7741935484,4.0,4,False,655.0,279.0,False,False
13060,0.5053094104723544,63496.3768115942,532.0,211,False,61.0,0.0,True,True
13061,0.8133971291866029,78186.27450980392,74.2,36,True,0.0,0.0,True,True
13063,0.5129716981132075,79597.7011494253,53.0,17,False,56.0,0.0,False,True
13066,0.520702634880803,95463.10240963857,0.0,0,False,378.0,155.0,False,False
13068,0.5420678107994977,66650.57915057914,50.8,17,False,129.0,0.0,False,True
13069,0.4679613311660535,56307.1297989031,117.6,15,True,563.0,162.0,False,False
13071,0.5092592592592593,61931.81818181818,530.6,118,False,16.0,0.0,True,True
13072,0.3818615751789976,53906.25,179.4,41,True,0.0,0.0,True,True
13073,0.4513355848940743,62925.17006802722,27.8,7,False,107.0,60.0,False,False
13074,0.4221872894677745,57579.78723404255,44.0,0,True,40.0,0.0,False,False
13076,0.4552980132450331,68181.81818181818,33.4,6,False,16.0,0.0,False,True
13077,0.4920252783629251,64487.76758409786,914.8,423,False,116.0,0.0,True,True
13078,0.4371031563448974,95289.47368421052,79.8,0,False,24.0,0.0,True,False
13080,0.4745666382495027,67290.41916167663,100.8,62,False,24.0,0.0,True,True
13081,0.466786355475763,71394.23076923078,550.2,329,False,0.0,0.0,True,True
13082,0.6053333333333333,64317.18061674009,1061.2,340,True,0.0,0.0,True,True
13083,0.4122674710910005,59908.53658536586,3108.6,1224,True,0.0,0.0,True,True
13084,0.6024730334122599,74399.56331877729,864.2,255,True,56.0,0.0,True,True
13088,0.5402938760609656,63080.658783783794,761.4,311,False,692.0,257.0,False,False
13090,0.5428707742639041,71107.97237915882,830.6,281,False,1099.0,296.0,False,False
13092,0.392516507703595,60630.84112149532,180.2,64,False,8.0,0.0,True,True
13101,0.4937759336099585,55777.31092436974,12.2,2,True,64.0,0.0,False,True
13103,0.6637168141592921,35833.33333333333,125.8,13,True,0.0,0.0,True,True
13104,0.4661851608667104,97871.31882202304,103.4,37,False,518.0,349.0,False,False
13108,0.4917250159134309,80582.52427184467,1760.2,461,False,149.0,53.0,True,True
13110,0.4897446630389284,75534.18803418803,0.0,0,False,0.0,0.0,True,False
13111,0.4134078212290503,53209.45945945945,67.4,26,True,0.0,0.0,True,True
13112,0.5439814814814815,73404.25531914894,131.8,23,False,8.0,0.0,True,True
13114,0.4123293226983912,64590.16393442623,22.4,0,False,97.0,0.0,False,False
13116,0.4901423877327491,69134.07821229051,503.4,210,False,112.0,28.0,True,True
13118,0.414730683187059,62344.39834024896,316.4,71,False,61.0,37.0,True,True
13120,0.5184851217312895,49130.434782608696,60.0,27,True,44.0,8.0,False,True
13122,0.5295315682281059,69711.53846153845,40.6,31,False,0.0,0.0,True,True
13126,0.4002425712553062,63378.09917355371,295.0,103,False,629.0,257.0,False,False
13131,0.565008025682183,62073.86363636363,41.8,21,False,8.0,0.0,True,True
13132,0.5350500715307582,65040.10695187165,22.2,4,False,8.0,0.0,False,True
13135,0.4907878017789072,64927.18446601942,245.6,49,False,158.0,40.0,False,False
13136,0.60790273556231,46250.0,49.0,31,True,0.0,0.0,True,True
13140,0.4405997693194925,55366.49214659686,21.4,8,True,0.0,0.0,True,True
13141,0.4885496183206106,60156.25,15.0,0,False,0.0,0.0,True,False
13142,0.4930509596293845,62835.570469798666,43.8,16,False,40.0,0.0,False,True
13143,0.5055225148683092,57037.81512605042,3.0,0,True,0.0,0.0,True,False
13144,0.4081632653061224,51620.370370370365,373.8,122,True,0.0,0.0,True,True
13145,0.5203761755485894,58885.5421686747,56.4,35,True,66.0,0.0,False,True
13146,0.4365808823529412,51973.68421052631,91.6,26,True,8.0,0.0,True,True
13147,0.5059203444564048,61436.17021276595,34.8,0,False,0.0,0.0,True,False
13148,0.4532891100055279,58866.86991869918,212.8,12,True,235.0,117.0,False,False
13152,0.5311688311688312,97463.32518337408,0.0,0,False,210.0,84.0,False,False
13155,0.4761904761904761,59722.22222222222,470.0,202,True,10.0,0.0,True,True
13156,0.4149377593360996,66666.66666666667,3885.2,1247,False,0.0,0.0,True,True
13158,0.4733727810650887,59375.0,192.2,45,True,0.0,0.0,True,True
13159,0.4920846843410261,78343.02325581395,570.6,184,False,146.0,18.0,True,True
13160,0.4111405835543766,66532.25806451612,0.0,0,False,26.0,0.0,False,False
13164,0.4779411764705882,79807.69230769231,106.8,71,False,16.0,0.0,True,True
13165,0.5130901061928294,55225.40983606558,4.8,0,True,218.0,84.0,False,False
13166,0.4515456755817992,62548.07692307693,107.19999999999999,25,False,23.0,0.0,True,True
13167,0.5633802816901409,65178.57142857143,499.6,329,False,20.0,20.0,True,True
13202,0.3355613149638521,50203.25203252032,118.0,48,True,118.0,94.0,False,False
13203,0.3683961146647714,43850.48231511254,646.0,142,True,527.0,260.0,False,False
13204,0.4102301790281329,39261.22194513716,14.0,0,True,684.0,273.0,False,False
13205,0.3951519176490121,38637.95518207283,816.0,370,True,592.0,153.0,False,True
13206,0.494226051576617,47805.690072639234,3428.4,1288,True,252.0,58.0,True,True
13207,0.47090112640801,49896.17940199336,242.39999999999998,69,True,417.0,153.0,False,False
13208,0.410496232787737,38330.696202531646,239.6,71,True,625.0,295.0,False,False
13209,0.5132488041910257,57932.69230769231,0.0,0,True,233.0,75.0,False,False
13210,0.3296071876305892,49881.14104595879,225.39999999999998,36,True,173.0,14.0,False,True
13211,0.5428954423592494,45949.07407407407,157.4,37,True,76.0,36.0,True,False
13212,0.5160383758116096,59553.99061032864,120.4,41,True,388.0,128.0,False,False
13214,0.4191482189010001,75368.6327077748,0.0,0,False,362.0,209.0,False,False
13215,0.5077879444017601,85453.92022008254,414.8,114,False,396.0,286.0,False,False
13219,0.5380214694349811,68862.00716845879,198.8,59,False,242.0,178.0,False,False
13224,0.4672897196261682,68222.89156626505,409.79999999999995,88,False,459.0,323.0,False,False
13302,0.5083514887436456,52678.57142857143,320.2,174,True,0.0,0.0,True,True
13303,0.416988416988417,67592.59259259258,378.4,142,False,8.0,0.0,True,True
13304,0.484627410109432,79838.70967741935,598.6,298,False,24.0,16.0,True,True
13308,0.3567396703544818,57436.70886075949,4.0,2,True,0.0,0.0,True,True
13309,0.4547803617571059,60937.5,80.4,35,False,32.0,0.0,False,True
13310,0.3703703703703703,57258.06451612903,39.0,0,True,0.0,0.0,True,False
13314,0.99,53676.470588235294,399.2,200,True,0.0,0.0,True,True
13315,0.405982905982906,61622.80701754386,4.0,0,False,38.0,30.0,False,False
13316,0.4803788903924222,59419.01408450704,255.8,95,True,24.0,0.0,True,True
13317,0.4297851074462768,59229.6511627907,189.0,64,True,24.0,0.0,True,True
13318,0.5681818181818182,57916.66666666666,172.6,117,True,8.0,0.0,True,True
13319,0.7454545454545455,49085.365853658535,100.8,25,True,8.0,0.0,True,True
13320,0.4124700239808153,61482.558139534885,0.0,0,False,0.0,0.0,True,False
13322,0.5591798695246971,65000.0,207.0,82,False,0.0,0.0,True,True
13323,0.4322482288583983,77645.22821576762,196.39999999999998,51,False,288.0,162.0,False,False
13324,0.5807622504537205,57552.08333333333,64.2,12,True,0.0,0.0,True,True
13325,0.4736275565123789,57102.27272727272,280.4,76,True,0.0,0.0,True,True
13326,0.5449127288207748,79003.90625,20.0,6,False,195.0,135.0,False,False
13327,0.452914798206278,56559.405940594064,165.8,48,True,8.0,0.0,True,True
13328,0.372157133011716,68055.55555555555,28.2,13,False,0.0,0.0,True,True
13329,0.4556962025316455,53163.58024691357,6.3999999999999995,1,True,26.0,0.0,False,True
13331,0.99,71428.57142857142,521.8,133,True,0.0,0.0,True,True
13332,0.3856845031271717,56081.08108108107,94.0,20,True,8.0,0.0,True,True
13334,0.5938494167550371,58258.92857142858,649.4,140,True,0.0,0.0,True,True
13335,0.5239852398523985,59330.98591549296,79.6,27,True,0.0,0.0,True,True
13337,0.6278713629402757,80487.80487804877,84.4,29,True,0.0,0.0,True,True
13338,0.499194847020934,58870.967741935485,1568.4,725,True,8.0,0.0,True,True
13339,0.44543063773833,52352.39852398524,20.8,4,True,80.0,0.0,False,True
13340,0.5067522396042252,60718.99736147757,121.19999999999999,58,False,72.0,8.0,False,True
13343,0.4676923076923077,60032.8947368421,304.8,57,False,16.0,16.0,True,True
13346,0.2978859705317104,83400.5376344086,247.2,42,False,146.0,90.0,False,False
13348,0.3774715398442181,60317.46031746031,186.8,71,False,8.0,0.0,True,True
13350,0.4022692109334708,53653.84615384616,105.0,96,True,135.0,79.0,False,False
13354,0.4840182648401826,70597.48427672956,0.0,0,False,0.0,0.0,True,False
13355,0.3511852502194907,58437.5,780.2,261,True,8.0,0.0,True,True
13357,0.4494709251528977,54724.62203023758,0.0,0,True,100.0,0.0,False,False
13360,0.99,59782.608695652176,41.0,10,True,0.0,0.0,True,True
13361,0.4689863842662632,54435.48387096774,710.6,295,True,0.0,0.0,True,True
13363,0.440016604400166,65212.2641509434,185.8,50,False,0.0,0.0,True,True
13365,0.4438395076340395,58366.66666666667,15.2,0,True,75.0,24.0,False,False
13367,0.4250172771250864,62567.75067750678,23.8,5,False,261.0,117.0,False,False
13368,0.4549509366636931,53676.470588235294,1147.2,426,True,38.0,30.0,True,True
13402,0.5979760809567617,56346.15384615385,31.4,5,True,10.0,0.0,True,True
13403,0.3485254691689008,72621.45748987854,192.0,133,False,136.0,80.0,False,True
13406,0.508130081300813,58500.0,18.8,11,True,0.0,0.0,True,True
13407,0.4552529182879377,55769.230769230766,12.0,6,True,67.0,0.0,False,True
13408,0.3369790127106118,57785.08771929824,0.0,0,True,89.0,66.0,False,False
13409,0.5617408906882592,56081.08108108108,20.0,8,True,96.0,0.0,False,True
13411,0.5140357273058694,53634.75177304964,419.8,139,True,81.0,17.0,True,True
13413,0.4778282766244933,82005.14138817482,60.2,8,False,374.0,206.0,False,False
13416,0.4474272930648769,64625.0,395.0,83,False,16.0,0.0,True,True
13417,0.5575249758298421,53901.73410404624,949.8,351,True,20.0,0.0,True,True
13420,0.7509157509157509,68445.12195121951,79.8,5,True,41.0,30.0,False,False
13421,0.4783386482072023,59024.39024390243,614.4,144,True,314.0,149.0,False,False
13424,0.4925241864555849,64843.75,7.0,7,False,274.0,96.0,False,False
13425,0.5051078320090806,56179.77528089887,100.0,28,True,0.0,0.0,True,True
13428,0.3979125896934116,58401.63934426229,460.2,222,True,0.0,0.0,True,True
13431,0.4538421866941722,70454.54545454546,158.6,42,False,24.0,0.0,True,True
13433,0.4371584699453552,49479.16666666667,192.4,58,True,0.0,0.0,True,True
13437,0.6188925081433225,53947.36842105263,78.0,24,True,0.0,0.0,True,True
13438,0.5711422845691383,67470.76023391812,95.0,0,False,0.0,0.0,True,False
13439,0.4710632570659488,57785.71428571428,18.0,9,True,15.0,15.0,False,False
13440,0.4466236225059469,58172.554347826095,5152.0,2156,True,650.0,44.0,True,True
13441,0.5855855855855856,60576.92307692308,0.0,0,False,84.0,84.0,False,False
13450,0.3968253968253968,47500.0,146.2,27,True,0.0,0.0,True,True
13452,0.3918752564628642,54188.48167539267,5762.6,1913,True,36.0,20.0,True,True
13454,0.4644808743169399,57720.58823529411,121.2,38,True,0.0,0.0,True,True
13456,0.4978627105858687,73232.32323232324,1542.6,602,False,16.0,0.0,True,True
13459,0.458984375,59840.425531914894,761.2,190,True,36.0,20.0,True,True
13460,0.484509666899604,55228.36538461538,2284.0,880,True,56.0,0.0,True,True
13461,0.5098163394553515,70885.09316770187,1716.4,554,False,68.0,0.0,True,True
13464,0.4176706827309236,49278.84615384616,612.4,204,True,0.0,0.0,True,True
13468,0.7560137457044673,56250.0,314.6,149,True,0.0,0.0,True,True
13469,0.296127562642369,68589.7435897436,865.5999999999999,253,False,0.0,0.0,True,True
13470,0.3943661971830985,53125.0,1326.6,486,True,0.0,0.0,True,True
13471,0.5007530120481928,53571.428571428565,1472.4,494,True,0.0,0.0,True,True
13473,0.301418439716312,60294.117647058825,2590.6,982,False,60.0,0.0,True,True
13476,0.5478991596638656,63726.99386503067,352.0,124,False,0.0,0.0,True,True
13477,0.404040404040404,60416.66666666666,1975.6,517,False,0.0,0.0,True,True
13478,0.4901315789473684,62332.214765100674,219.39999999999998,62,False,88.0,0.0,False,True
13480,0.4670169293636894,60625.0,488.0,228,False,36.0,0.0,True,True
13483,0.2863436123348017,50961.53846153846,3292.2,1262,True,0.0,0.0,True,True
13485,0.3241590214067278,55424.52830188679,0.0,0,True,0.0,0.0,True,False
13486,0.5284552845528455,65064.10256410256,273.6,108,False,0.0,0.0,True,True
13488,0.851063829787234,41666.66666666666,610.6,321,True,0.0,0.0,True,True
13489,0.5440900562851783,61206.89655172415,214.39999999999998,31,False,0.0,0.0,True,True
13490,0.5927180355630821,66964.28571428571,1625.6,554,False,94.0,94.0,True,True
13491,0.430833117051648,60768.07228915663,422.8,208,False,30.0,0.0,True,True
13492,0.5186485300570426,72165.820642978,61.0,16,False,246.0,106.0,False,False
13493,0.3900226757369615,53779.06976744186,26.0,26,True,0.0,0.0,True,True
13494,0.7207207207207207,57031.25,121.8,30,True,0.0,0.0,True,True
13495,0.5045651129264777,53690.47619047618,50.8,0,True,32.0,0.0,False,False
13501,0.3887726638772664,45715.88725176169,1898.8,850,True,1409.0,700.0,False,False
13502,0.4234144043342559,51425.59109874826,586.4,156,True,486.0,209.0,False,False
13601,0.4202754878430554,55159.83860955928,3726.8,1510,True,1947.0,610.0,False,True
13603,0.2434163701067615,53472.22222222222,157.2,71,True,0.0,0.0,True,True
13605,0.3801558639042007,65062.5,86.8,29,False,119.0,0.0,False,True
13606,0.5035080478745357,64344.26229508197,1211.8,565,False,77.0,17.0,True,True
13607,0.5542857142857143,62500.0,644.4,205,False,0.0,0.0,True,True
13608,0.352035203520352,57617.1875,402.6,86,True,50.0,0.0,True,True
13612,0.4439511653718091,63020.833333333336,799.4,218,False,36.0,0.0,True,True
13613,0.4070660522273425,56839.62264150943,1814.4,590,True,74.0,57.0,True,True
13614,0.3188405797101449,37500.0,440.6,201,True,0.0,0.0,True,True
13616,0.3822314049586777,48310.81081081081,155.2,50,True,84.0,0.0,False,True
13617,0.312603101286704,68436.67546174143,480.4,203,False,259.0,97.0,False,True
13618,0.5016538037486218,67170.32967032967,249.2,89,False,0.0,0.0,True,True
13619,0.3981176470588235,57978.723404255325,471.6,141,True,463.0,89.0,False,True
13620,0.4453049370764763,58423.91304347826,7.0,0,True,126.0,31.0,False,False
13621,0.4325259515570934,56500.0,2487.2,888,True,0.0,0.0,True,True
13622,0.5491183879093199,67660.5504587156,4435.6,1568,False,8.0,0.0,True,True
13624,0.4398945874721265,70103.6866359447,588.2,160,False,62.0,20.0,True,True
13625,0.6125080593165699,68157.8947368421,521.8,115,True,198.0,0.0,True,True
13626,0.4031551270815074,65217.391304347824,0.0,0,False,133.0,0.0,False,False
13630,0.3534303534303534,56372.549019607846,20.2,6,True,240.0,0.0,False,True
13633,0.2830188679245283,40277.77777777777,2525.6,824,True,0.0,0.0,True,True
13634,0.4788446921712693,66997.35449735449,671.6,160,False,41.0,17.0,True,True
13635,0.3456591639871382,57267.44186046512,275.8,115,True,0.0,0.0,True,True
13636,0.7344632768361582,49038.461538461546,400.0,97,True,0.0,0.0,True,True
13637,0.4696194079679501,49881.516587677725,340.2,90,True,187.0,34.0,False,True
13638,0.510752688172043,42763.15789473684,0.0,0,True,0.0,0.0,True,False
13640,0.8278145695364238,96500.0,1071.2,307,True,0.0,0.0,True,True
13642,0.3745804915015698,57478.32369942197,45.8,0,True,98.0,42.0,False,False
13646,0.412051395657953,58467.74193548388,512.0,112,True,16.0,0.0,True,True
13648,0.4882909815645241,63647.95918367348,46.2,3,False,44.0,36.0,False,False
13650,0.4723247232472324,65429.6875,673.8,182,False,0.0,0.0,True,True
13652,0.4621380846325167,54819.27710843373,0.0,0,True,333.0,0.0,False,False
13654,0.3529411764705882,59077.38095238096,276.6,126,True,48.0,0.0,True,True
13655,0.4279095121286454,39888.53503184713,0.0,0,True,113.0,113.0,False,False
13656,0.3684210526315789,57352.94117647059,83.4,30,True,149.0,0.0,False,True
13658,0.468615649183147,60435.77981651376,0.0,0,False,24.0,0.0,False,False
13659,0.6596306068601583,59500.0,10.8,2,True,0.0,0.0,True,True
13660,0.4542996214169821,55952.38095238096,4684.6,1576,True,16.0,0.0,True,True
13661,0.3616438356164383,62500.0,419.2,168,False,0.0,0.0,True,True
13662,0.439908171495936,55535.96614950634,391.8,126,True,227.0,149.0,False,False
13664,0.594059405940594,69791.66666666666,0.6,0,False,0.0,0.0,True,False
13665,0.4679802955665024,53618.42105263157,1098.4,523,True,0.0,0.0,True,True
13667,0.4572690003153579,51810.3448275862,80.2,24,True,0.0,0.0,True,True
13668,0.44375,60739.43661971831,13.799999999999999,0,False,70.0,46.0,False,False
13669,0.381451009723261,60355.39215686275,559.2,135,False,255.0,17.0,False,True
13670,0.391644908616188,44166.66666666666,115.8,69,True,0.0,0.0,True,True
13672,0.7712765957446809,58620.68965517242,692.4,236,True,320.0,17.0,True,True
13673,0.4623208506703652,55625.0,541.8,209,True,144.0,0.0,True,True
13676,0.3533394456590732,65194.61077844311,254.8,98,False,242.0,176.0,False,False
13679,0.7490974729241877,59789.156626506025,294.0,120,True,0.0,0.0,True,True
13680,0.3361945636623748,56382.97872340425,368.2,135,True,0.0,0.0,True,True
13681,0.3707518022657055,52083.333333333336,117.0,58,True,0.0,0.0,True,True
13682,0.4970414201183432,64880.95238095238,1414.6,511,False,0.0,0.0,True,True
13684,0.4180887372013652,58163.26530612245,1049.2,392,True,0.0,0.0,True,True
13685,0.5486968449931413,70833.33333333334,127.0,45,False,20.0,0.0,True,True
13687,0.5148514851485149,64903.84615384616,0.0,0,False,0.0,0.0,True,False
13690,0.4269081500646831,57575.757575757576,72.4,22,True,0.0,0.0,True,True
13691,0.4226705091258405,63541.66666666667,222.0,91,False,100.0,0.0,False,True
13693,0.9523809523809524,70089.28571428571,62.0,24,True,0.0,0.0,True,True
13694,0.6384676775738228,67968.75,116.0,51,True,8.0,0.0,True,True
13696,0.5747126436781609,45000.0,699.8,250,True,0.0,0.0,True,True
13697,0.5109100585417775,57421.875,378.4,105,True,0.0,0.0,True,True
13730,0.4423545802856147,56200.78740157481,82.0,39,True,8.0,0.0,True,True
13731,0.499001996007984,74250.0,23.799999999999997,7,False,0.0,0.0,True,True
13732,0.4916524253976601,75969.2513368984,612.0,206,False,126.0,24.0,True,True
13733,0.4495939790057437,58149.77973568282,1333.2,594,True,33.0,17.0,True,True
13734,0.40893760539629,56056.70103092783,722.2,240,True,0.0,0.0,True,True
13736,0.6032097399003874,57798.16513761469,394.4,127,True,0.0,0.0,True,True
13739,0.5368289637952559,57558.139534883725,1229.4,574,True,8.0,0.0,True,True
13740,0.4642857142857143,80769.23076923078,2132.6,745,False,44.0,44.0,True,True
13743,0.4979375368296995,60872.78106508876,3974.6,1278,False,38.0,8.0,True,True
13744,0.3679175864606328,60750.0,3173.8,1276,False,0.0,0.0,True,True
13746,0.5882352941176471,62797.619047619046,2628.4,1056,False,8.0,0.0,True,True
13748,0.4601063829787234,60332.36994219652,2219.4,1127,False,0.0,0.0,True,True
13750,0.6751054852320675,53645.833333333336,4941.0,1821,True,24.0,0.0,True,True
13751,0.5741626794258373,37500.0,1883.8,917,True,8.0,0.0,True,True
13752,0.4262672811059907,63513.51351351352,1716.4,926,False,0.0,0.0,True,True
13753,0.3432862506704809,65364.58333333333,918.2,306,False,139.0,89.0,True,True
13754,0.4894578313253012,55865.38461538462,2409.4,791,True,52.0,52.0,True,True
13755,0.6531531531531531,55172.41379310345,1320.8,456,True,0.0,0.0,True,True
13756,0.345821325648415,49479.16666666666,2016.0,762,True,0.0,0.0,True,True
13757,0.3767660910518053,64583.33333333333,2251.2,924,False,8.0,0.0,True,True
13760,0.4912118408880666,63782.95668549906,1506.0,515,False,1258.0,686.0,False,False
13775,0.4374307862679956,65664.55696202532,0.0,0,False,132.0,18.0,False,False
13776,0.7178217821782178,65086.206896551725,0.0,0,True,40.0,0.0,False,False
13777,0.9595959595959596,54276.31578947368,28.8,8,True,0.0,0.0,True,True
13778,0.4879416713404375,62547.89272030651,236.2,118,False,118.0,17.0,False,True
13780,0.5452436194895591,58510.63829787234,125.0,33,True,0.0,0.0,True,True
13782,0.4383561643835616,58984.375,325.6,173,True,16.0,0.0,True,True
13783,0.4461604461604461,54687.5,0.0,0,True,190.0,0.0,False,False
13786,0.4371584699453552,67187.5,644.4,140,False,0.0,0.0,True,True
13787,0.482556243886534,53969.5945945946,712.8,260,True,63.0,31.0,True,True
13788,0.4692387904066736,57222.22222222222,40.0,40,True,0.0,0.0,True,True
13790,0.4552303056392596,51418.43971631205,21.2,11,True,646.0,414.0,False,False
13795,0.5788761002031144,57821.63742690058,78.2,23,True,16.0,0.0,True,True
13796,0.5823293172690763,56681.03448275862,43.8,0,True,8.0,0.0,True,False
13797,0.4560892770499757,54920.21276595745,226.2,78,True,0.0,0.0,True,True
13801,0.3676470588235294,51590.90909090909,842.2,296,True,0.0,0.0,True,True
13802,0.3892493049119555,61309.5238095238,903.2,317,False,20.0,0.0,True,True
13803,0.4301075268817204,58831.52173913044,151.6,67,True,58.0,38.0,True,True
13804,0.8421052631578947,63281.25,15.0,0,True,0.0,0.0,True,False
13807,0.4629629629629629,60208.33333333333,269.0,131,False,8.0,0.0,True,True
13808,0.5728788977519942,60284.81012658229,121.8,0,False,17.0,17.0,True,False
13809,0.3615071283095723,54577.4647887324,161.8,58,True,0.0,0.0,True,True
13810,0.4126984126984127,60336.53846153846,1015.5999999999999,356,False,16.0,0.0,True,True
13811,0.4660194174757281,61718.75,149.0,56,False,32.0,16.0,True,True
13812,0.4273877017008286,58035.71428571429,159.4,76,True,48.0,32.0,True,True
13813,0.3536693191865606,56250.0,344.8,110,True,0.0,0.0,True,True
13815,0.4541586073500967,57048.55195911414,436.8,128,True,237.0,58.0,False,True
13820,0.3431111111111111,61496.113989637306,218.8,62,False,300.0,246.0,False,False
13825,0.5003270111183781,59232.02614379085,521.6,156,True,16.0,0.0,True,True
13827,0.4519966015293118,63416.35338345864,0.0,0,False,242.0,174.0,False,False
13830,0.4135414555037502,57904.41176470588,788.6,377,True,85.0,17.0,True,True
13832,0.512249443207127,49456.52173913043,2.0,0,True,0.0,0.0,True,False
13833,0.4375145450314173,59574.468085106375,122.2,60,True,0.0,0.0,True,True
13835,0.4765564950038432,56048.38709677419,235.0,127,True,0.0,0.0,True,True
13838,0.4643574297188755,53581.08108108108,40.6,3,True,287.0,234.0,False,False
13839,0.4776345716451857,55952.38095238095,179.2,20,True,8.0,0.0,True,True
13841,0.4761904761904761,55434.78260869565,1157.6,497,True,0.0,0.0,True,True
13842,0.3278688524590163,60000.0,1185.4,388,True,8.0,0.0,True,True
13843,0.3629417382999045,56250.0,87.6,49,True,0.0,0.0,True,True
13844,0.5172413793103449,52651.51515151515,216.2,67,True,0.0,0.0,True,True
13846,0.4336043360433604,60156.25,31.2,24,False,0.0,0.0,True,True
13849,0.4656419529837251,58009.70873786408,567.0,185,True,52.0,20.0,True,True
13850,0.4285592932381923,78035.18334985134,210.0,73,False,963.0,537.0,False,False
13856,0.4403760514596734,55945.692883895135,848.4,285,True,127.0,55.0,True,True
13861,0.7048458149779736,64453.125,16.799999999999997,0,True,0.0,0.0,True,False
13862,0.5024311183144247,58534.94623655912,7.0,2,True,191.0,118.0,False,False
13863,0.4228329809725158,41250.0,645.4,276,True,8.0,0.0,True,True
13864,0.4529616724738676,52403.84615384616,155.0,116,True,8.0,0.0,True,True
13865,0.4416666666666666,61556.603773584895,1702.2,424,False,76.0,0.0,True,True
13901,0.426948295710496,59657.092614302455,9.6,0,True,389.0,164.0,False,False
13903,0.4539306389655358,61397.49702026221,64.6,44,False,378.0,196.0,False,False
13904,0.4379408358774608,52073.31730769231,430.4,180,True,112.0,16.0,True,True
13905,0.3902721063852853,55046.2962962963,3.0,0,True,535.0,245.0,False,False
14001,0.5304924448309599,68980.53278688525,1624.6,577,False,162.0,142.0,True,True
14004,0.4752101561159718,70036.10108303248,1154.2,452,False,155.0,112.0,True,True
14005,0.4508393285371702,60904.25531914893,190.8,93,False,55.0,0.0,True,True
14006,0.4945756222080408,61612.90322580645,117.8,40,False,152.0,56.0,False,False
14008,0.5018820577164367,53125.0,898.0,558,True,0.0,0.0,True,True
14009,0.489318970239182,59561.56716417911,19.0,7,True,122.0,122.0,False,False
14011,0.3721955647775904,63153.31010452961,92.4,26,False,140.0,0.0,False,True
14012,0.3708609271523179,59933.03571428572,655.2,217,True,8.0,0.0,True,True
14013,0.4357798165137614,54769.73684210526,287.4,96,True,0.0,0.0,True,True
14020,0.4531681668300508,57153.392330383474,179.2,50,True,735.0,428.0,False,False
14024,0.4520464263897373,64695.94594594595,22.0,16,False,8.0,0.0,False,True
14025,0.4235482152370804,77830.18867924529,345.4,157,False,114.0,54.0,True,True
14026,0.8893280632411067,73333.33333333333,2005.1999999999998,508,True,0.0,0.0,True,True
14028,0.4884318766066838,67105.26315789473,0.0,0,False,0.0,0.0,True,False
14030,0.3667481662591687,62000.0,359.6,138,False,0.0,0.0,True,True
14031,0.5482705214248839,86440.6779661017,210.6,80,False,123.0,47.0,False,True
14032,0.445516458569807,95222.92993630574,3.0,3,False,132.0,48.0,False,False
14033,0.8493150684931506,79939.51612903224,22.0,22,True,0.0,0.0,True,True
14034,0.3302825308396339,61897.59036144578,1904.8,696,False,0.0,0.0,True,True
14036,0.4365519792822789,68167.37288135593,288.2,132,False,59.0,11.0,True,True
14037,0.6438213914849429,69758.06451612903,226.39999999999998,96,True,0.0,0.0,True,True
14040,0.5780989438576987,67307.6923076923,163.4,60,False,53.0,46.0,True,False
14042,0.395185101067454,51652.29885057471,285.6,95,True,39.0,39.0,True,True
14043,0.5177253769650305,61260.65065840434,392.8,143,False,849.0,671.0,False,False
14047,0.5043110460387181,66693.54838709677,91.2,27,False,178.0,148.0,False,False
14048,0.4374453193350831,47730.769230769234,6.2,3,True,496.0,336.0,False,False
14051,0.5494505494505495,96244.23963133642,28.4,21,False,384.0,216.0,False,False
14052,0.5239064089521872,84641.3160733549,384.8,139,False,329.0,183.0,False,False
14054,0.471976401179941,62890.625,561.0,244,False,0.0,0.0,True,True
14055,0.5017182130584192,69178.08219178082,6013.0,2211,False,0.0,0.0,True,True
14057,0.5437044745057232,73714.1148325359,0.0,0,False,107.0,68.0,False,False
14058,0.4194352159468438,63985.14851485149,39.6,36,False,40.0,0.0,False,True
14059,0.5192647211548448,85000.0,746.6,283,False,339.0,168.0,False,True
14060,0.5617977528089888,52500.0,73.8,36,True,0.0,0.0,True,True
14062,0.4767763764995386,59435.48387096774,12.2,2,True,0.0,0.0,True,True
14063,0.3954888363941172,65269.74951830443,782.2,255,False,336.0,260.0,False,False
14065,0.4579278763594734,55781.25,1.2,0,True,0.0,0.0,True,False
14066,0.4208600182982616,55978.260869565216,338.2,108,True,70.0,0.0,True,True
14067,0.6231380337636544,62749.00398406375,691.0,191,True,72.0,16.0,True,True
14068,0.4530663329161452,85497.23756906077,452.0,216,False,590.0,412.0,False,False
14069,0.6349206349206349,74062.5,192.6,41,True,0.0,0.0,True,True
14070,0.3653410927901713,54811.94690265487,35.6,13,True,84.0,36.0,False,False
14072,0.5285767650354875,82133.39222614841,125.19999999999999,18,False,841.0,544.0,False,False
14075,0.5240977359336472,73577.84431137725,93.0,38,False,871.0,517.0,False,False
14080,0.5005931198102017,72334.1232227488,530.4,209,False,107.0,65.0,True,True
14081,0.415807560137457,57644.62809917356,105.6,96,True,0.0,0.0,True,True
14082,0.3427719821162444,62500.0,238.39999999999998,78,False,8.0,0.0,True,True
14085,0.4880694143167028,83549.38271604937,3.0,3,False,211.0,153.0,False,False
14086,0.5318755160730048,80072.26980728052,431.0,189,False,740.0,502.0,False,False
14091,0.3875,55040.32258064516,241.8,68,True,8.0,0.0,True,True
14092,0.5645314578977381,75968.01346801347,272.6,162,False,177.0,136.0,False,False
14094,0.5037573058725299,62445.73796369377,499.4,139,False,1314.0,650.0,False,False
14098,0.4513668150031786,59683.098591549286,8.0,0,True,0.0,0.0,True,False
14101,0.4395008138903961,53703.70370370371,79.0,41,True,0.0,0.0,True,True
14102,0.4233870967741935,77579.36507936507,0.0,0,False,0.0,0.0,True,False
14103,0.4609106927571177,53898.39034205231,324.0,103,True,250.0,135.0,False,False
14105,0.4270670826833073,60216.89497716895,123.2,72,False,8.0,0.0,True,True
14108,0.5434163024890747,61363.63636363636,0.0,0,False,46.0,0.0,False,False
14111,0.492063492063492,64193.54838709677,53.4,10,False,16.0,0.0,True,True
14113,0.5539358600583091,67105.26315789473,218.6,131,False,0.0,0.0,True,True
14120,0.516503805106498,66030.95030514385,553.0,228,False,968.0,584.0,False,False
14125,0.4776536312849162,59137.42690058479,1547.4,501,True,0.0,0.0,True,True
14127,0.5360172256296489,87933.65794278758,460.8,225,False,1041.0,827.0,False,False
14129,0.4769230769230769,57258.06451612903,19.0,16,True,0.0,0.0,True,True
14131,0.4998070243149363,66216.21621621621,342.4,143,False,210.0,150.0,False,False
14132,0.4440125579309313,66792.9292929293,7678.4,2668,False,101.0,51.0,True,True
14134,0.99,54166.66666666666,5440.2,2250,True,0.0,0.0,True,True
14136,0.4529480671612651,58189.6551724138,6413.6,2615,True,16.0,0.0,True,True
14138,0.4291845493562232,54062.5,0.0,0,True,66.0,26.0,False,False
14139,0.5689488910318226,76165.25423728814,5044.2,2734,False,0.0,0.0,True,True
14141,0.505872931126535,64281.002638522434,1058.2,199,False,465.0,402.0,False,False
14143,0.6238185255198487,66666.66666666667,388.8,120,True,0.0,0.0,True,True
14145,0.6467661691542289,69391.02564102564,129.2,41,True,32.0,0.0,True,True
14150,0.5241702045542261,60239.30050621261,277.6,117,False,1493.0,990.0,False,False
14167,0.412647374062165,65259.74025974026,95.2,29,False,0.0,0.0,True,True
14170,0.5488079172289698,79610.65573770492,337.0,94,False,0.0,0.0,True,True
14171,0.5919003115264797,60394.73684210526,342.6,147,False,40.0,20.0,True,True
14172,0.507926237463604,68391.71974522293,56.0,23,False,16.0,0.0,True,True
14174,0.5107055107055107,75816.15120274914,36.0,12,False,214.0,164.0,False,False
14201,0.3858036916739285,45302.87474332649,127.0,53,True,596.0,282.0,False,False
14202,0.4885371179039301,73044.69273743016,1191.6,453,False,253.0,75.0,True,True
14203,0.4351464435146444,59975.96153846154,277.6,99,True,230.0,210.0,False,False
14204,0.4643882076702322,39009.83146067416,1613.8,611,True,410.0,76.0,True,True
14206,0.4312804934180245,42796.157950907145,479.79999999999995,209,True,308.0,162.0,False,False
14207,0.3980699638118214,35948.19159335288,161.0,92,True,830.0,369.0,False,False
14208,0.3358714043993231,34225.44080604534,366.2,96,True,467.0,156.0,False,False
14209,0.398755330183243,63258.670520231215,4.0,4,False,542.0,292.0,False,False
14210,0.4095696268365622,42083.333333333336,443.0,222,True,824.0,523.0,False,False
14211,0.3831338276104875,31364.864864864867,165.2,58,True,544.0,142.0,False,False
14212,0.3527641970665663,34781.44989339019,305.2,127,True,290.0,217.0,False,False
14213,0.4015846538782318,40939.77154724819,92.6,47,True,478.0,176.0,False,False
14214,0.3473070139736806,57991.53645833333,158.39999999999998,27,True,621.0,277.0,False,False
14215,0.3887367824773414,37454.46265938069,0.0,0,True,1033.0,269.0,False,False
14216,0.457745012287059,65150.13648771611,81.6,22,False,338.0,195.0,False,False
14217,0.5082675275947821,62811.15879828326,620.4,157,False,401.0,334.0,False,False
14218,0.4217615590370653,48117.21404303512,234.2,81,True,636.0,432.0,False,False
14219,0.5472636815920398,57428.45117845118,50.0,17,True,179.0,81.0,False,False
14220,0.4869179971579035,55461.37339055795,894.4,469,True,407.0,268.0,True,True
14221,0.5086188165423337,86957.10217159131,74.39999999999999,0,False,2314.0,1153.0,False,False
14222,0.3766514227642276,74262.22596964586,0.0,0,False,201.0,201.0,False,False
14223,0.5435459478694067,66673.48608837971,26.0,10,False,427.0,265.0,False,False
14224,0.5392072646950546,68565.08875739646,0.0,0,False,763.0,594.0,False,False
14225,0.5228547103895722,53712.801796743406,1173.6,605,True,755.0,460.0,False,False
14226,0.5018276227240119,74149.08100748809,36.0,27,False,1002.0,529.0,False,False
14227,0.5583946739181396,59225.44080604534,0.0,0,True,421.0,339.0,False,False
14228,0.413371675053918,68103.86473429951,327.8,100,False,794.0,572.0,False,False
14301,0.3942062381696979,36560.54279749478,11.4,0,True,338.0,170.0,False,False
14303,0.3815554473128754,36489.36170212766,245.0,50,True,111.0,10.0,True,True
14304,0.5230564691064307,57658.86287625418,0.0,0,True,867.0,451.0,False,False
14305,0.4305931948208371,46783.21678321678,203.4,65,True,590.0,49.0,False,False
14411,0.4346446700507614,53375.912408759126,2.4,0,True,140.0,88.0,False,False
14414,0.5056759545923633,68513.1195335277,464.8,185,False,131.0,66.0,True,True
14416,0.4921052631578947,65240.64171122995,432.0,140,False,80.0,36.0,True,True
14418,0.4895738893925657,64120.370370370365,607.8,205,False,0.0,0.0,True,True
14420,0.4256705941338681,63501.177856301525,786.8,242,False,454.0,311.0,False,False
14422,0.6125921724333523,64814.81481481481,324.2,81,True,0.0,0.0,True,True
14423,0.4667753770892784,67521.83406113538,43.4,19,False,116.0,44.0,False,False
14424,0.4999650129452103,71509.79706088174,369.4,147,False,342.0,120.0,False,False
14425,0.511324899628816,70296.29629629629,268.6,94,False,48.0,0.0,True,True
14427,0.5171411969785009,59410.11235955056,2219.0,627,True,0.0,0.0,True,True
14432,0.4692028985507246,60328.185328185325,40.4,12,False,321.0,154.0,False,False
14433,0.4595545134818288,55548.4693877551,125.0,26,True,33.0,17.0,True,True
14437,0.4766579406631762,58981.6933638444,32.8,0,True,378.0,24.0,False,False
14445,0.5111197815060476,54675.572519083966,506.8,128,True,0.0,0.0,True,True
14450,0.51088621698157,86835.52930486143,509.79999999999995,199,False,881.0,377.0,False,False
14456,0.4354415033340069,58323.66589327146,2650.6,811,True,389.0,14.0,True,True
14464,0.5213341346153846,59438.04034582133,37.2,22,True,43.0,28.0,False,False
14468,0.5199830382699036,74388.37920489296,45.8,6,False,292.0,141.0,False,False
14470,0.4899399007055134,57866.66666666667,410.0,201,True,135.0,80.0,True,True
14472,0.48582995951417,91385.13513513516,40.4,4,False,0.0,0.0,True,True
14476,0.4185290532303941,63713.59223300971,8.4,0,False,116.0,16.0,False,False
14477,0.4366028708133971,62328.76712328768,1795.4,673,False,0.0,0.0,True,True
14478,0.3287070854638422,82500.0,0.0,0,False,0.0,0.0,True,False
14481,0.4845070422535211,60465.11627906977,186.0,92,False,8.0,0.0,True,True
14486,0.6666666666666666,65441.17647058824,327.4,119,True,8.0,0.0,True,True
14505,0.5187908496732027,64074.8031496063,223.4,66,False,148.0,0.0,False,True
14510,0.4667224780242779,52578.47533632288,86.2,23,True,310.0,290.0,False,False
14516,0.4271457085828343,61682.2429906542,0.0,0,False,0.0,0.0,True,False
14521,0.368389780154486,57056.45161290322,237.4,121,True,8.0,0.0,True,True
14525,0.5086750788643533,65213.17829457364,221.8,68,False,91.0,0.0,False,True
14526,0.5451413517073666,88289.96282527881,65.0,44,False,617.0,57.0,False,False
14532,0.5663808781501689,61869.26605504588,142.2,64,False,215.0,56.0,False,False
14536,0.4510108864696734,52586.206896551725,496.0,206,True,20.0,0.0,True,True
14541,0.2923497267759563,65070.09345794392,15.2,0,False,8.0,0.0,False,False
14544,0.4172461752433936,64166.66666666666,6.0,6,False,22.0,0.0,False,True
14546,0.4959349593495935,68032.7868852459,184.6,86,False,69.0,0.0,False,True
14560,0.4405086285195277,66108.24742268042,0.0,0,False,0.0,0.0,True,False
14561,0.5793450881612091,64039.85507246376,0.0,0,False,0.0,0.0,True,False
14564,0.5160564788204424,93538.13559322032,234.6,59,False,526.0,245.0,False,False
14568,0.4835407150732398,74633.55048859934,0.0,0,False,117.0,0.0,False,False
14569,0.4556129638327853,60309.278350515466,367.6,122,False,120.0,48.0,True,True
14580,0.524578136463683,81097.02797202798,79.2,50,False,567.0,290.0,False,False
14586,0.4874213836477987,72237.90322580645,1080.2,386,False,40.0,0.0,True,True
14589,0.5026792549119673,62277.918781725886,564.2,184,False,57.0,31.0,True,True
14590,0.4430997462424361,56718.06167400882,308.8,127,True,0.0,0.0,True,True
14608,0.3712910986367281,34881.20950323974,256.4,76,True,343.0,86.0,False,False
14609,0.4840278115427627,49736.31341034656,4.2,0,True,1298.0,218.0,False,False
14612,0.5160924429320857,66009.61538461539,51.8,24,False,305.0,18.0,False,False
14617,0.5516143701682583,71856.96619950536,69.0,11,False,462.0,218.0,False,False
14621,0.3748180494905386,31998.381877022657,347.6,93,True,1328.0,200.0,False,False
14622,0.5152701644479248,61208.20668693009,292.2,141,False,129.0,34.0,False,True
14623,0.3914014947222436,54982.77559055118,232.6,73,True,599.0,521.0,False,False
14625,0.5418860698898995,83392.2261484099,0.0,0,False,149.0,0.0,False,False
14709,0.5564516129032258,54891.30434782609,436.2,217,True,0.0,0.0,True,True
14710,0.5056,63370.25316455697,61.2,34,False,0.0,0.0,True,True
14717,0.4964539007092198,57142.85714285714,98.0,58,True,24.0,0.0,True,True
14724,0.365482233502538,58449.07407407407,114.4,37,True,0.0,0.0,True,True
14726,0.1421800947867298,48397.4358974359,514.2,171,True,0.0,0.0,True,True
14727,0.4677060133630289,58008.65800865801,308.8,104,True,108.0,28.0,True,True
14729,0.4920049200492005,62812.5,89.2,20,False,0.0,0.0,True,True
14731,0.6475409836065574,79746.83544303798,65.0,38,True,84.0,35.0,False,False
14736,0.99,60795.454545454544,160.6,19,True,0.0,0.0,True,True
14740,0.4856115107913669,60416.66666666666,6269.6,2340,False,0.0,0.0,True,True
14741,0.4769475357710652,61111.11111111111,8.0,5,False,8.0,0.0,False,True
14747,0.4582730342498794,52631.57894736842,157.2,53,True,15.0,0.0,True,True
14767,0.3222958057395143,54623.28767123287,31.6,0,True,16.0,0.0,False,False
14770,0.4466759002770083,55523.25581395349,28.0,0,True,70.0,15.0,False,False
14772,0.4107187578261958,57164.634146341465,891.6,375,True,108.0,32.0,True,True
14805,0.6797385620915033,59375.0,141.2,20,True,8.0,0.0,True,True
14806,0.4513727315030246,58762.886597938144,52.4,13,True,16.0,0.0,True,True
